side,ts_event,ts_recv,price,size,action,order_id,symbol
b,2024-11-12T06:44:25.540132803Z,2024-11-11 23:44:25.380113,0.4003266,4482.98410825,add,ODHPNU-RJFMU-H4O6GZ,DOGE/USD
a,2024-11-12T06:44:25.540913600Z,2024-11-11 23:44:25.380409,0.4007448,2193.75,add,O2JKNU-6LMQB-XG6IEY,DOGE/USD
a,2024-11-12T06:44:25.554219780Z,2024-11-11 23:44:25.380566,89442.4,2.79509549,delete,OYSDQQ-LEQVL-R5P5TW,BTC/USD
a,2024-11-12T06:42:43.640637743Z,2024-11-11 23:44:25.380566,89444.4,4.95213549,add,O32ZM5-MIMRW-ILVHTO,BTC/USD
b,2024-11-12T06:44:25.556843089Z,2024-11-11 23:44:25.381757,0.4003437,2193.75,add,OLDMOT-OQZOO-U2G4CD,DOGE/USD
b,2024-11-12T06:44:25.571346556Z,2024-11-11 23:44:25.393680,0.4003437,2193.75,delete,OLDMOT-OQZOO-U2G4CD,DOGE/USD
b,2024-11-12T06:44:25.540132803Z,2024-11-11 23:44:25.393680,0.4003266,4482.98410825,add,ODHPNU-RJFMU-H4O6GZ,DOGE/USD
b,2024-11-12T06:44:25.582962920Z,2024-11-11 23:44:25.403842,0.4003681,2193.75,delete,OUUNWR-XFMTF-II4WX4,DOGE/USD
b,2024-11-12T06:44:21.852139004Z,2024-11-11 23:44:25.403842,0.4001679,2193.75,add,OL7SYW-LNNZD-A2VLEK,DOGE/USD
b,2024-11-12T06:44:25.587170227Z,2024-11-11 23:44:25.408044,0.4005864,13236.69081163,delete,OX7ZAO-56KPR-6IZDQF,DOGE/USD
b,2024-11-12T06:41:37.318428789Z,2024-11-11 23:44:25.408044,0.4001365,243.91676341,add,O5FTDN-CWWUN-JTXKUJ,DOGE/USD
b,2024-11-12T06:44:25.587182085Z,2024-11-11 23:44:25.408188,0.4006644,12317.5410723,delete,OOS7VU-MULEU-M2XC7G,DOGE/USD
b,2024-11-12T06:44:25.576044708Z,2024-11-11 23:44:25.408188,0.400128,5412.27480003,add,O3AGGM-ZNWVX-LTHTZ2,DOGE/USD
a,2024-11-12T06:44:25.587201347Z,2024-11-11 23:44:25.408335,0.4009311,14588.45411574,delete,ONMETB-R2NDZ-MLCNXW,DOGE/USD
a,2024-11-12T06:44:22.010883739Z,2024-11-11 23:44:25.408335,0.4010579,73186.14159687,add,OZFDFX-UEX33-QO2YVS,DOGE/USD
b,2024-11-12T06:44:25.587270109Z,2024-11-11 23:44:25.408816,0.4006527,20373.69985469,delete,OL6DRM-ONC6P-MZAPNU,DOGE/USD
b,2024-11-12T06:44:21.839856900Z,2024-11-11 23:44:25.408816,0.4001278,2193.75,add,OUYAXD-BQZYI-YIVHZQ,DOGE/USD
a,2024-11-12T06:44:25.587279779Z,2024-11-11 23:44:25.408946,0.4009444,27438.54784757,delete,OQBXPR-BHSOG-LFVIU4,DOGE/USD
a,2024-11-12T06:44:25.226858946Z,2024-11-11 23:44:25.408946,0.4010733,2193.75,add,OP2NVK-HBJ52-36XZ7Y,DOGE/USD
b,2024-11-12T06:44:25.595034494Z,2024-11-11 23:44:25.418481,89424.2,1.99051165,add,OHRIVH-AQHTU-MMVY2T,BTC/USD
a,2024-11-12T06:44:25.595292824Z,2024-11-11 23:44:25.451524,89426.5,0.3375,add,OPJWLP-PYDE7-QUJR4A,BTC/USD
b,2024-11-12T06:44:25.606138286Z,2024-11-11 23:44:25.451680,0.400348,998.25716776,delete,O2FFWT-QAWN3-NRQBBB,DOGE/USD
b,2024-11-12T06:44:24.951810829Z,2024-11-11 23:44:25.451680,0.4000997,53835.91570209,add,OJZTI4-BY5WW-HVBF2V,DOGE/USD
a,2024-11-12T06:44:25.607566148Z,2024-11-11 23:44:25.451802,89426.5,0.3375,delete,OPJWLP-PYDE7-QUJR4A,BTC/USD
a,2024-11-12T06:44:25.609462491Z,2024-11-11 23:44:25.451954,0.4007448,3744.62160704,add,OSJN5F-ON6DN-2NW3JF,DOGE/USD
a,2024-11-12T06:44:25.614928740Z,2024-11-11 23:44:25.452182,89435.3,0.4,delete,OWOQR4-MWT5F-ZKHX22,BTC/USD
a,2024-11-12T06:44:25.412455630Z,2024-11-11 23:44:25.452182,89446.3,0.00545655,add,OK6JBT-CJWIX-TXK2E7,BTC/USD
b,2024-11-12T06:44:25.615388635Z,2024-11-11 23:44:25.452388,89416.0,0.0379,delete,OXNUF5-LHOQM-MCMEWN,BTC/USD
b,2024-11-12T06:44:25.613841633Z,2024-11-11 23:44:25.452388,89408.0,0.0379,add,OBJ3RO-6U6JU-WO62WD,BTC/USD
a,2024-11-12T06:44:25.619892510Z,2024-11-11 23:44:25.452511,0.4009151,64202.06626352,add,O3AZG2-C46KA-7FG3QC,DOGE/USD
a,2024-11-12T06:44:25.646552966Z,2024-11-11 23:44:25.476711,0.4007638,14594.54527209,add,ODHN3N-HS3ZF-DEUFWI,DOGE/USD
a,2024-11-12T06:44:25.646650669Z,2024-11-11 23:44:25.476814,0.4008093,14657.82855997,add,O3UI7Q-6ER3E-7JJ2HA,DOGE/USD
b,2024-11-12T06:44:25.646767643Z,2024-11-11 23:44:25.476930,0.4005354,12321.50713164,add,OEMLNG-THTZI-KDDNRP,DOGE/USD
a,2024-11-12T06:44:25.648960769Z,2024-11-11 23:44:25.478831,0.400917,9595.39421078,add,OZCA5R-GGW3Y-QXKZKZ,DOGE/USD
a,2024-11-12T06:44:25.650910801Z,2024-11-11 23:44:25.481148,89443.2,2.79507005,add,ORFBNR-NRML4-R27DZ2,BTC/USD
a,2024-11-12T06:44:25.663550554Z,2024-11-11 23:44:25.492433,0.4007448,3744.62160704,delete,OSJN5F-ON6DN-2NW3JF,DOGE/USD
a,2024-11-12T06:44:25.669199513Z,2024-11-11 23:44:25.496104,0.4009766,4482.98410825,add,OQEIIU-KCWRB-4ZS27D,DOGE/USD
b,2024-11-12T06:44:25.687965138Z,2024-11-11 23:44:25.514393,0.4003437,2193.75,add,OPO56D-432N3-JXYGS3,DOGE/USD
a,2024-11-12T06:44:25.690230002Z,2024-11-11 23:44:25.521171,89443.2,2.79507005,delete,ORFBNR-NRML4-R27DZ2,BTC/USD
a,2024-11-12T06:44:25.670667204Z,2024-11-11 23:44:25.521171,89445.1,2.79501117,add,OWJVZE-M4UDG-WFE66D,BTC/USD
b,2024-11-12T06:44:25.696219516Z,2024-11-11 23:44:25.523488,0.4003437,2193.75,delete,OPO56D-432N3-JXYGS3,DOGE/USD
b,2024-11-12T06:44:21.839856900Z,2024-11-11 23:44:25.523488,0.4001278,2193.75,add,OUYAXD-BQZYI-YIVHZQ,DOGE/USD
b,2024-11-12T06:44:24.519741002Z,2024-11-11 23:44:25.526498,89426.4,0.00012258,modify,OGR2ZI-IVXIB-J66S4C,BTC/USD
a,2024-11-12T06:44:25.701286551Z,2024-11-11 23:44:25.533702,89442.7,2.79508636,add,OCHESB-B7XX7-NSRN64,BTC/USD
b,2024-11-12T06:44:25.701418819Z,2024-11-11 23:44:25.533844,0.4005354,12321.50713164,delete,OEMLNG-THTZI-KDDNRP,DOGE/USD
b,2024-11-12T06:44:22.479112979Z,2024-11-11 23:44:25.533844,0.4000877,2193.75,add,OQJV4I-LZBWQ-W2K7ZP,DOGE/USD
b,2024-11-12T06:44:25.709096873Z,2024-11-11 23:44:25.536786,0.4004483,71116.06718759,delete,OVIELC-FJEK2-KMDR6T,DOGE/USD
b,2024-11-12T06:44:25.021236118Z,2024-11-11 23:44:25.536786,0.4000828,34914.6,add,O7SZYE-65SJU-36DMNG,DOGE/USD
a,2024-11-12T06:44:25.713369453Z,2024-11-11 23:44:25.541655,89442.7,2.79508636,delete,OCHESB-B7XX7-NSRN64,BTC/USD
a,2024-11-12T06:44:25.670667204Z,2024-11-11 23:44:25.541655,89445.1,2.79501117,add,OWJVZE-M4UDG-WFE66D,BTC/USD
b,2024-11-12T06:44:25.717555028Z,2024-11-11 23:44:25.546715,0.4005156,13371.16537369,add,OG3QMF-756X3-O6CVDH,DOGE/USD
a,2024-11-12T06:44:25.721397646Z,2024-11-11 23:44:25.550968,89443.5,2.79506237,add,O6N3QR-7EDAI-C6L2CG,BTC/USD
a,2024-11-12T06:44:25.723706245Z,2024-11-11 23:44:25.553005,89426.5,0.3375,add,O6EMW2-NZNB6-AWOMPD,BTC/USD
a,2024-11-12T06:44:25.728562489Z,2024-11-11 23:44:25.557518,0.4007448,3744.77219712,add,OIEPPZ-AB3DB-FJGWUD,DOGE/USD
a,2024-11-12T06:44:25.731041977Z,2024-11-11 23:44:25.561470,89426.5,0.3375,add,OF3CAX-3WVVB-SEH3SH,BTC/USD
a,2024-11-12T06:44:25.732847226Z,2024-11-11 23:44:25.563778,0.4007448,3744.77219712,delete,OIEPPZ-AB3DB-FJGWUD,DOGE/USD
a,2024-11-12T06:44:25.733919584Z,2024-11-11 23:44:25.565685,89443.5,2.79506237,delete,O6N3QR-7EDAI-C6L2CG,BTC/USD
a,2024-11-12T06:44:25.670667204Z,2024-11-11 23:44:25.565685,89445.1,2.79501117,add,OWJVZE-M4UDG-WFE66D,BTC/USD
a,2024-11-12T06:44:25.742218260Z,2024-11-11 23:44:25.575945,89442.4,2.79509564,add,OAXPJV-BASJX-U7SSEI,BTC/USD
a,2024-11-12T06:44:25.745438806Z,2024-11-11 23:44:25.580183,89442.4,2.79509564,delete,OAXPJV-BASJX-U7SSEI,BTC/USD
a,2024-11-12T06:44:25.670667204Z,2024-11-11 23:44:25.580183,89445.1,2.79501117,add,OWJVZE-M4UDG-WFE66D,BTC/USD
b,2024-11-12T06:44:25.745519779Z,2024-11-11 23:44:25.580302,89416.0,0.00546884,add,OJFBFP-INF73-NLLAUG,BTC/USD
a,2024-11-12T06:44:25.748079766Z,2024-11-11 23:44:25.584418,0.4007448,0.0,delete,OEHIE7-PAECR-3ENX4X,DOGE/USD
a,2024-11-12T06:44:25.540913600Z,2024-11-11 23:44:25.584418,0.4007448,696.39832337,modify,O2JKNU-6LMQB-XG6IEY,DOGE/USD
a,2024-11-12T06:44:25.748930289Z,2024-11-11 23:44:25.584954,89426.5,0.3375,delete,OF3CAX-3WVVB-SEH3SH,BTC/USD
a,2024-11-12T06:44:25.751072890Z,2024-11-11 23:44:25.586853,0.4007448,2193.75,add,O56ZTB-HINUI-7ZVALU,DOGE/USD
a,2024-11-12T06:44:25.751540073Z,2024-11-11 23:44:25.587582,89426.5,0.3375,delete,O6EMW2-NZNB6-AWOMPD,BTC/USD
a,2024-11-12T06:44:25.756225900Z,2024-11-11 23:44:25.594590,89435.2,0.48,add,ODM5ZR-7KKT6-RQAI4F,BTC/USD
b,2024-11-12T06:44:25.763684812Z,2024-11-11 23:44:25.602003,0.4003266,4482.98410825,delete,ODHPNU-RJFMU-H4O6GZ,DOGE/USD
b,2024-11-12T06:44:25.021236118Z,2024-11-11 23:44:25.602003,0.4000828,34914.6,add,O7SZYE-65SJU-36DMNG,DOGE/USD
b,2024-11-12T06:44:25.763684816Z,2024-11-11 23:44:25.602122,0.4002151,4482.98410825,add,OXDIUQ-HXSNV-TFX2HZ,DOGE/USD
b,2024-11-12T06:44:25.768509930Z,2024-11-11 23:44:25.608817,0.4002234,2193.75,add,OUN75K-PMVW7-T7YXV2,DOGE/USD
a,2024-11-12T06:44:25.777333502Z,2024-11-11 23:44:25.614114,0.4007553,2193.75,add,OJLYIX-7BMWK-VVP75F,DOGE/USD
b,2024-11-12T06:44:25.783337814Z,2024-11-11 23:44:25.617580,0.4005156,13371.16537369,delete,OG3QMF-756X3-O6CVDH,DOGE/USD
b,2024-11-12T06:44:22.479112979Z,2024-11-11 23:44:25.617580,0.4000877,2193.75,add,OQJV4I-LZBWQ-W2K7ZP,DOGE/USD
a,2024-11-12T06:44:25.786388941Z,2024-11-11 23:44:25.619642,0.4008726,14655.51526502,add,O4U75S-RDRW5-JWX3UU,DOGE/USD
b,2024-11-12T06:44:25.786424220Z,2024-11-11 23:44:25.619755,0.4005545,12320.920002,add,O6FYJR-BLVVJ-6LUHVZ,DOGE/USD
b,2024-11-12T06:44:25.786437746Z,2024-11-11 23:44:25.619850,0.400462,13240.80461361,add,OJ2OG5-QEPKO-KVQRM4,DOGE/USD
a,2024-11-12T06:44:25.791750838Z,2024-11-11 23:44:25.623627,89444.3,0.01151239,add,OGOIK2-JW5O2-PSFH3H,BTC/USD
b,2024-11-12T06:44:25.306892259Z,2024-11-11 23:44:25.624137,0.4007447,219.90041753,delete,OMRHGL-VCRRV-5AL6FS,DOGE/USD
b,2024-11-12T06:44:21.839856900Z,2024-11-11 23:44:25.624137,0.4001278,2193.75,add,OUYAXD-BQZYI-YIVHZQ,DOGE/USD
b,2024-11-12T06:44:25.793397994Z,2024-11-11 23:44:25.624235,0.4005157,220.02614842,add,OMRHGL-VCRRV-5AL6FS,DOGE/USD
a,2024-11-12T06:44:25.796787252Z,2024-11-11 23:44:25.626102,0.4008726,14655.51526502,delete,O4U75S-RDRW5-JWX3UU,DOGE/USD
a,2024-11-12T06:44:25.669199513Z,2024-11-11 23:44:25.626102,0.4009766,4482.98410825,add,OQEIIU-KCWRB-4ZS27D,DOGE/USD
a,2024-11-12T06:44:25.797024832Z,2024-11-11 23:44:25.626688,0.4007638,14594.54527209,delete,ODHN3N-HS3ZF-DEUFWI,DOGE/USD
a,2024-11-12T06:44:24.940654862Z,2024-11-11 23:44:25.626688,0.4009892,998.25716777,add,OGH4SH-LGJJB-SYHQJZ,DOGE/USD
a,2024-11-12T06:44:25.800075004Z,2024-11-11 23:44:25.628099,0.4007429,11631.09607248,add,OMIBFJ-6LNW4-NGC5MX,DOGE/USD
a,2024-11-12T06:44:25.800099072Z,2024-11-11 23:44:25.628672,0.4007429,14595.30448376,add,O3GHVB-OXOVO-K6JS72,DOGE/USD
a,2024-11-12T06:44:25.802412366Z,2024-11-11 23:44:25.630974,0.4007554,2193.75,delete,OI7JTJ-E3KS7-ZGBZG6,DOGE/USD
a,2024-11-12T06:44:24.940654862Z,2024-11-11 23:44:25.630974,0.4009892,998.25716777,add,OGH4SH-LGJJB-SYHQJZ,DOGE/USD
a,2024-11-12T06:44:25.802515418Z,2024-11-11 23:44:25.631083,0.4007229,2193.75,add,OHRXZO-DG3FL-AGE2PC,DOGE/USD
a,2024-11-12T06:44:25.803892657Z,2024-11-11 23:44:25.632142,0.4007429,14595.30448376,delete,O3GHVB-OXOVO-K6JS72,DOGE/USD
a,2024-11-12T06:44:25.804064730Z,2024-11-11 23:44:25.632284,0.4007429,11631.09607248,delete,OMIBFJ-6LNW4-NGC5MX,DOGE/USD
a,2024-11-12T06:44:24.940654862Z,2024-11-11 23:44:25.632284,0.4009892,998.25716777,add,OGH4SH-LGJJB-SYHQJZ,DOGE/USD
b,2024-11-12T06:44:25.804205904Z,2024-11-11 23:44:25.632429,0.4002234,2193.75,delete,OUN75K-PMVW7-T7YXV2,DOGE/USD
b,2024-11-12T06:44:21.839856900Z,2024-11-11 23:44:25.632429,0.4001278,2193.75,add,OUYAXD-BQZYI-YIVHZQ,DOGE/USD
b,2024-11-12T06:44:25.807038836Z,2024-11-11 23:44:25.635524,0.4005545,12320.920002,delete,O6FYJR-BLVVJ-6LUHVZ,DOGE/USD
b,2024-11-12T06:44:22.479112979Z,2024-11-11 23:44:25.635524,0.4000877,2193.75,add,OQJV4I-LZBWQ-W2K7ZP,DOGE/USD
a,2024-11-12T06:44:25.811416289Z,2024-11-11 23:44:25.638789,0.4009766,4482.98410825,delete,OQEIIU-KCWRB-4ZS27D,DOGE/USD
a,2024-11-12T06:44:21.629843387Z,2024-11-11 23:44:25.638789,0.4009931,2193.75,add,OBX2JT-LPMWG-4TXXO5,DOGE/USD
a,2024-11-12T06:44:25.811416293Z,2024-11-11 23:44:25.638890,0.4008635,4482.98410825,add,O2DG77-UKQ5I-3FOZQX,DOGE/USD
a,2024-11-12T06:44:25.813539054Z,2024-11-11 23:44:25.640091,0.4008093,14657.82855997,delete,O3UI7Q-6ER3E-7JJ2HA,DOGE/USD
a,2024-11-12T06:44:21.629843387Z,2024-11-11 23:44:25.640091,0.4009931,2193.75,add,OBX2JT-LPMWG-4TXXO5,DOGE/USD
b,2024-11-12T06:44:25.813580583Z,2024-11-11 23:44:25.640747,0.4004851,64900.16453492,delete,OA44QW-REA5N-NJCLOU,DOGE/USD
b,2024-11-12T06:44:25.021236118Z,2024-11-11 23:44:25.640747,0.4000828,34914.6,add,O7SZYE-65SJU-36DMNG,DOGE/USD
a,2024-11-12T06:44:25.816178310Z,2024-11-11 23:44:25.643254,0.4007243,7290.0,add,OU4ERO-YRR5Y-ENZ3DU,DOGE/USD
b,2024-11-12T06:44:25.829309337Z,2024-11-11 23:44:25.651173,0.4002151,4482.98410825,delete,OXDIUQ-HXSNV-TFX2HZ,DOGE/USD
b,2024-11-12T06:44:25.619848242Z,2024-11-11 23:44:25.651173,0.400051,53842.46660256,add,OL3YUA-6ILDC-UKS7KC,DOGE/USD
b,2024-11-12T06:44:25.829309341Z,2024-11-11 23:44:25.651285,0.4000949,4482.98410825,add,OJKDAI-CGK5M-WZQXBV,DOGE/USD
a,2024-11-12T06:44:25.831097800Z,2024-11-11 23:44:25.652755,89442.9,2.79508117,add,O33HZR-QG2JZ-I3VU7R,BTC/USD
a,2024-11-12T06:44:25.833233532Z,2024-11-11 23:44:25.655575,89435.2,0.48,delete,ODM5ZR-7KKT6-RQAI4F,BTC/USD
a,2024-11-12T06:44:25.791750838Z,2024-11-11 23:44:25.655575,89444.3,0.01151239,add,OGOIK2-JW5O2-PSFH3H,BTC/USD
b,2024-11-12T06:44:25.793397994Z,2024-11-11 23:44:25.656545,0.4005157,220.02614842,delete,OMRHGL-VCRRV-5AL6FS,DOGE/USD
b,2024-11-12T06:44:25.619848242Z,2024-11-11 23:44:25.656545,0.400051,53842.46660256,add,OL3YUA-6ILDC-UKS7KC,DOGE/USD
b,2024-11-12T06:44:25.835618088Z,2024-11-11 23:44:25.656644,0.4004852,220.04290509,add,OMRHGL-VCRRV-5AL6FS,DOGE/USD
b,2024-11-12T06:44:25.839020886Z,2024-11-11 23:44:25.658991,0.4001679,2193.75,delete,OL7SYW-LNNZD-A2VLEK,DOGE/USD
b,2024-11-12T06:44:25.619848242Z,2024-11-11 23:44:25.658991,0.400051,53842.46660256,add,OL3YUA-6ILDC-UKS7KC,DOGE/USD
b,2024-11-12T06:44:25.839228489Z,2024-11-11 23:44:25.659187,0.400128,5412.27480003,delete,O3AGGM-ZNWVX-LTHTZ2,DOGE/USD
b,2024-11-12T06:44:21.632830157Z,2024-11-11 23:44:25.659187,0.4000476,2193.75,add,O3B2ER-KG7PJ-ZPMF5U,DOGE/USD
a,2024-11-12T06:44:25.851008060Z,2024-11-11 23:44:25.665925,89435.5,0.3375,delete,OIHOFV-CWVNM-TBC5EC,BTC/USD
a,2024-11-12T06:42:43.640637743Z,2024-11-11 23:44:25.665925,89444.4,4.95213549,add,O32ZM5-MIMRW-ILVHTO,BTC/USD
b,2024-11-12T06:44:25.851203379Z,2024-11-11 23:44:25.666230,0.4003481,986.62176911,delete,OKUVDK-3NQ3W-ZZXZUJ,DOGE/USD
b,2024-11-12T06:44:25.839306524Z,2024-11-11 23:44:25.666230,0.4000072,5412.27480003,add,OBM6H5-MS4A7-A7IVZC,DOGE/USD
b,2024-11-12T06:44:25.835618088Z,2024-11-11 23:44:25.666968,0.4004852,220.04290509,delete,OMRHGL-VCRRV-5AL6FS,DOGE/USD
b,2024-11-12T06:44:25.338346587Z,2024-11-11 23:44:25.666968,0.4000003,73343.03099708,add,OBBST7-TRIHS-IUT3Y3,DOGE/USD
b,2024-11-12T06:44:25.852871763Z,2024-11-11 23:44:25.667062,0.4004621,220.05559791,add,OMRHGL-VCRRV-5AL6FS,DOGE/USD
a,2024-11-12T06:44:25.854802127Z,2024-11-11 23:44:25.669550,89442.9,2.79508117,delete,O33HZR-QG2JZ-I3VU7R,BTC/USD
a,2024-11-12T06:44:25.670667204Z,2024-11-11 23:44:25.669550,89445.1,2.79501117,add,OWJVZE-M4UDG-WFE66D,BTC/USD
a,2024-11-12T06:44:25.856157387Z,2024-11-11 23:44:25.671539,89445.1,2.79501117,delete,OWJVZE-M4UDG-WFE66D,BTC/USD
a,2024-11-12T06:44:25.763969364Z,2024-11-11 23:44:25.671539,89447.2,0.02234475,add,O6SYXJ-6B2PJ-2PULIF,BTC/USD
a,2024-11-12T06:44:25.858494211Z,2024-11-11 23:44:25.674519,89435.4,5.59063184,delete,OKWFJY-JOM7A-QSZRSE,BTC/USD
a,2024-11-12T06:43:57.737139877Z,2024-11-11 23:44:25.674519,89450.0,8.11e-05,add,OWXK6S-MNYOD-3SZDFA,BTC/USD
b,2024-11-12T06:44:25.863809459Z,2024-11-11 23:44:25.681863,0.400462,13240.80461361,delete,OJ2OG5-QEPKO-KVQRM4,DOGE/USD
b,2024-11-12T06:44:25.338346587Z,2024-11-11 23:44:25.681863,0.4000003,73343.03099708,add,OBBST7-TRIHS-IUT3Y3,DOGE/USD
a,2024-11-12T06:44:25.791750838Z,2024-11-11 23:44:25.684658,89444.3,0.01151239,delete,OGOIK2-JW5O2-PSFH3H,BTC/USD
a,2024-11-12T06:44:19.326925413Z,2024-11-11 23:44:25.684658,89453.4,0.3375,add,OBX2BA-4R6KQ-NFY7KP,BTC/USD
b,2024-11-12T06:44:25.852871763Z,2024-11-11 23:44:25.695564,0.4004621,220.05559791,delete,OMRHGL-VCRRV-5AL6FS,DOGE/USD
b,2024-11-12T06:44:21.688050281Z,2024-11-11 23:44:25.695564,0.4000002,19118.1404667,add,O6X7FU-ZJC2K-56SNNT,DOGE/USD
b,2024-11-12T06:44:25.876019706Z,2024-11-11 23:44:25.695671,0.4001366,220.23460702,add,OMRHGL-VCRRV-5AL6FS,DOGE/USD
b,2024-11-12T06:44:25.879861503Z,2024-11-11 23:44:25.695777,0.4001766,2193.75,add,OCK23H-TL32J-TJMUSA,DOGE/USD
b,2024-11-12T06:44:25.880463869Z,2024-11-11 23:44:25.695876,0.4001566,2193.75,add,OFI5H2-5NND7-AELVDB,DOGE/USD
a,2024-11-12T06:44:25.880704250Z,2024-11-11 23:44:25.696002,89447.2,0.02234475,delete,O6SYXJ-6B2PJ-2PULIF,BTC/USD
a,2024-11-12T06:43:58.204477185Z,2024-11-11 23:44:25.696002,89455.0,9.11e-05,add,OB35AG-PLQTU-AQ7BD5,BTC/USD
b,2024-11-12T06:44:25.882828389Z,2024-11-11 23:44:25.697313,0.4001766,2193.75,add,OMRZTI-JHPEU-UA3TOH,DOGE/USD
b,2024-11-12T06:44:25.882871560Z,2024-11-11 23:44:25.697464,0.4001566,2193.75,delete,OFI5H2-5NND7-AELVDB,DOGE/USD
b,2024-11-12T06:44:25.839306524Z,2024-11-11 23:44:25.697464,0.4000072,5412.27480003,add,OBM6H5-MS4A7-A7IVZC,DOGE/USD
b,2024-11-12T06:44:25.883461203Z,2024-11-11 23:44:25.697612,0.400051,53842.46660256,delete,OL3YUA-6ILDC-UKS7KC,DOGE/USD
b,2024-11-12T06:44:25.338346587Z,2024-11-11 23:44:25.697612,0.4000003,73343.03099708,add,OBBST7-TRIHS-IUT3Y3,DOGE/USD
a,2024-11-12T06:44:25.891886227Z,2024-11-11 23:44:25.708233,0.4007553,14659.80323766,delete,OEDX7V-F5BUC-BCUEHS,DOGE/USD
b,2024-11-12T06:44:25.922432851Z,2024-11-11 23:44:25.720501,0.4001281,30000.0,add,OK4QWA-QLMYW-KDRIFL,DOGE/USD
a,2024-11-12T06:44:25.980198354Z,2024-11-11 23:44:25.744048,89450.3,0.00556845,add,OW74VF-6O252-A5ODTK,BTC/USD
a,2024-11-12T06:44:25.981478204Z,2024-11-11 23:44:25.744231,89426.6,0.011,delete,OWUBZ6-2MADR-PTHNER,BTC/USD
a,2024-11-12T06:43:58.204477185Z,2024-11-11 23:44:25.744231,89455.0,9.11e-05,add,OB35AG-PLQTU-AQ7BD5,BTC/USD
a,2024-11-12T06:44:26.016767142Z,2024-11-11 23:44:25.756588,89436.0,0.0001,delete,OBOBBX-BHEXG-AG5HI4,BTC/USD
a,2024-11-12T06:44:25.985190572Z,2024-11-11 23:44:25.756588,89455.5,2.79468709,add,OA4ZUR-HGB5A-ELB2Q7,BTC/USD
a,2024-11-12T06:44:26.016767146Z,2024-11-11 23:44:25.756694,89443.4,0.0001,add,OJLLDG-7EQ5Q-YDNKVV,BTC/USD
a,2024-11-12T06:44:26.096080966Z,2024-11-11 23:44:25.781450,0.4008651,2193.75,delete,O4QE55-NSIDY-4TRLX3,DOGE/USD
a,2024-11-12T06:44:21.629843387Z,2024-11-11 23:44:25.781450,0.4009931,2193.75,add,OBX2JT-LPMWG-4TXXO5,DOGE/USD
b,2024-11-12T06:44:24.519741002Z,2024-11-11 23:44:25.781552,89426.4,0.00012118,modify,OGR2ZI-IVXIB-J66S4C,BTC/USD
a,2024-11-12T06:44:26.128094140Z,2024-11-11 23:44:25.792770,89454.3,2.79472554,add,OV6BGO-AIVZN-T24UKY,BTC/USD
a,2024-11-12T06:44:26.143568811Z,2024-11-11 23:44:25.798477,89450.3,0.00556845,delete,OW74VF-6O252-A5ODTK,BTC/USD
a,2024-11-12T06:43:58.204477185Z,2024-11-11 23:44:25.798477,89455.0,9.11e-05,add,OB35AG-PLQTU-AQ7BD5,BTC/USD
b,2024-11-12T06:44:26.227172907Z,2024-11-11 23:44:25.828734,0.4000508,6204.0,add,OKILUA-KAO55-UNCNAM,DOGE/USD
a,2024-11-12T06:44:26.276322624Z,2024-11-11 23:44:25.869471,89454.3,2.79472554,delete,OV6BGO-AIVZN-T24UKY,BTC/USD
a,2024-11-12T06:44:26.094218251Z,2024-11-11 23:44:25.869471,89455.8,0.01151239,add,OGOIK2-JW5O2-PSFH3H,BTC/USD
b,2024-11-12T06:44:26.285912454Z,2024-11-11 23:44:25.877966,89426.4,0.3375,add,OKL37X-JDXYL-W36YW6,BTC/USD
b,2024-11-12T06:44:26.288287736Z,2024-11-11 23:44:25.880694,89417.4,0.3375,add,OR2P2Q-CQDPH-CTN6VG,BTC/USD
b,2024-11-12T06:44:26.302477919Z,2024-11-11 23:44:25.899354,89416.0,0.0379,add,OWF5CO-P4E7U-ZILTMR,BTC/USD
b,2024-11-12T06:44:25.876019706Z,2024-11-11 23:44:25.899515,0.4001366,220.23460702,delete,OMRHGL-VCRRV-5AL6FS,DOGE/USD
b,2024-11-12T06:44:25.839306524Z,2024-11-11 23:44:25.899515,0.4000072,5412.27480003,add,OBM6H5-MS4A7-A7IVZC,DOGE/USD
b,2024-11-12T06:44:26.302536233Z,2024-11-11 23:44:25.899624,0.4001767,220.21253825,add,OMRHGL-VCRRV-5AL6FS,DOGE/USD
a,2024-11-12T06:44:26.303801287Z,2024-11-11 23:44:25.900967,89441.7,5.59023986,delete,OTCQE2-P5EBG-DNHPWK,BTC/USD
b,2024-11-12T06:44:26.305674972Z,2024-11-11 23:44:25.902170,0.4002167,2193.75,add,OTIC7G-KE54O-GF2D3K,DOGE/USD
b,2024-11-12T06:44:26.305927762Z,2024-11-11 23:44:25.902368,0.4001967,2193.75,add,OM5XNP-YT6RF-BZPWY3,DOGE/USD
b,2024-11-12T06:44:26.307497565Z,2024-11-11 23:44:25.904901,89426.4,0.3375,add,OV5QRF-NMPP2-ADXQZP,BTC/USD
b,2024-11-12T06:44:26.307726825Z,2024-11-11 23:44:25.906713,89426.4,0.48,add,OSYFKM-DL7ZW-O5MMNB,BTC/USD
b,2024-11-12T06:44:26.308008204Z,2024-11-11 23:44:25.906863,0.4001766,2193.75,delete,OMRZTI-JHPEU-UA3TOH,DOGE/USD
b,2024-11-12T06:44:26.308033825Z,2024-11-11 23:44:25.906956,0.4002167,2193.75,add,O7EUXK-OKD7Y-4GC3KQ,DOGE/USD
b,2024-11-12T06:44:26.308557161Z,2024-11-11 23:44:25.910004,0.4001967,2193.75,delete,OM5XNP-YT6RF-BZPWY3,DOGE/USD
b,2024-11-12T06:44:26.227172907Z,2024-11-11 23:44:25.910004,0.4000508,6204.0,add,OKILUA-KAO55-UNCNAM,DOGE/USD
b,2024-11-12T06:44:26.339024111Z,2024-11-11 23:44:25.936462,89426.4,0.3375,delete,OV5QRF-NMPP2-ADXQZP,BTC/USD
b,2024-11-12T06:44:26.341443753Z,2024-11-11 23:44:25.938568,0.4000949,4482.98410825,delete,OJKDAI-CGK5M-WZQXBV,DOGE/USD
b,2024-11-12T06:44:21.632830157Z,2024-11-11 23:44:25.938568,0.4000476,2193.75,add,O3B2ER-KG7PJ-ZPMF5U,DOGE/USD
b,2024-11-12T06:44:26.341443757Z,2024-11-11 23:44:25.938709,0.4002257,4482.98410825,add,OXFTN7-5WAMZ-2WB7TL,DOGE/USD
b,2024-11-12T06:44:26.344326628Z,2024-11-11 23:44:25.939899,0.4002657,2193.75,add,OYSPPO-E2PVF-GHWWB2,DOGE/USD
b,2024-11-12T06:44:26.344355381Z,2024-11-11 23:44:25.939995,0.4002457,2193.75,add,O6MSVS-UMLMO-PEKWXK,DOGE/USD
b,2024-11-12T06:44:26.346535898Z,2024-11-11 23:44:25.941619,0.4006238,12318.78913771,add,OKVYFQ-6MILI-GHMSMC,DOGE/USD
a,2024-11-12T06:44:26.346567789Z,2024-11-11 23:44:25.941716,0.4007061,14661.6053451,add,OLRPZG-MQMVL-C3W3QR,DOGE/USD
a,2024-11-12T06:44:26.346622002Z,2024-11-11 23:44:25.941814,0.4008017,27448.31450625,add,OKDVYZ-DOA6M-3752DV,DOGE/USD
b,2024-11-12T06:44:26.346645978Z,2024-11-11 23:44:25.941904,0.4003198,64926.96049171,add,OM6GQG-NV4NL-6NLCTC,DOGE/USD
a,2024-11-12T06:44:26.346746007Z,2024-11-11 23:44:25.942007,0.4007231,11631.67288225,add,O3OSQW-YJCUE-JA6YJK,DOGE/USD
b,2024-11-12T06:44:26.346770297Z,2024-11-11 23:44:25.942103,0.4002306,14626.78172503,add,OAZR2A-R2U3K-QJDSAV,DOGE/USD
b,2024-11-12T06:44:26.346813520Z,2024-11-11 23:44:25.942221,0.4002306,16554.662046,add,OGIZEO-52KZL-R5APHA,DOGE/USD
b,2024-11-12T06:44:26.346833285Z,2024-11-11 23:44:25.963913,0.4002306,60855.25631031,add,OCZCMV-PZBS7-X6ALEU,DOGE/USD
b,2024-11-12T06:44:26.346996582Z,2024-11-11 23:44:25.964035,0.4002306,19950.12792427,add,ODFFS5-CF67H-3NE6ET,DOGE/USD
b,2024-11-12T06:44:26.348436884Z,2024-11-11 23:44:25.964134,89426.4,0.02236476,add,OVOLMM-MZI6D-VSFG2F,BTC/USD
b,2024-11-12T06:44:26.349010141Z,2024-11-11 23:44:25.964272,0.4002457,2193.75,delete,O6MSVS-UMLMO-PEKWXK,DOGE/USD
b,2024-11-12T06:44:25.922432851Z,2024-11-11 23:44:25.964272,0.4001281,30000.0,add,OK4QWA-QLMYW-KDRIFL,DOGE/USD
b,2024-11-12T06:44:26.349041221Z,2024-11-11 23:44:25.964362,0.4002657,2193.75,add,ODQRKH-SYBPG-TW2VYF,DOGE/USD
b,2024-11-12T06:44:26.349052622Z,2024-11-11 23:44:25.964459,0.4002167,2193.75,delete,O7EUXK-OKD7Y-4GC3KQ,DOGE/USD
a,2024-11-12T06:44:26.349197664Z,2024-11-11 23:44:25.964548,0.4007448,2193.75,delete,O56ZTB-HINUI-7ZVALU,DOGE/USD
a,2024-11-12T06:44:26.349208385Z,2024-11-11 23:44:25.964646,0.4006861,2193.75,add,OQEULA-3T5EZ-XRAB7Q,DOGE/USD
a,2024-11-12T06:44:26.351782886Z,2024-11-11 23:44:25.964760,0.4006861,2193.75,add,OK52TA-S6D3D-VE35EF,DOGE/USD
b,2024-11-12T06:44:26.351919055Z,2024-11-11 23:44:25.965233,0.4002306,14626.78172503,delete,OAZR2A-R2U3K-QJDSAV,DOGE/USD
b,2024-11-12T06:44:26.351958592Z,2024-11-11 23:44:25.970173,0.4002306,16554.662046,delete,OGIZEO-52KZL-R5APHA,DOGE/USD
b,2024-11-12T06:44:26.352079456Z,2024-11-11 23:44:25.970298,0.4002306,60855.25631031,delete,OCZCMV-PZBS7-X6ALEU,DOGE/USD
b,2024-11-12T06:44:26.352600388Z,2024-11-11 23:44:25.970438,0.4002306,19950.12792427,delete,ODFFS5-CF67H-3NE6ET,DOGE/USD
b,2024-11-12T06:44:21.839856900Z,2024-11-11 23:44:25.970438,0.4001278,2193.75,add,OUYAXD-BQZYI-YIVHZQ,DOGE/USD
b,2024-11-12T06:44:26.353620714Z,2024-11-11 23:44:25.970541,0.4003431,2193.75,add,OME7YK-AC6WK-MU5AFZ,DOGE/USD
b,2024-11-12T06:44:26.355389471Z,2024-11-11 23:44:25.970640,0.4004316,26793.34645781,add,OVOI5G-ITSQT-TBVRBC,DOGE/USD
b,2024-11-12T06:44:26.366608603Z,2024-11-11 23:44:25.970796,0.4006238,12318.78913771,delete,OKVYFQ-6MILI-GHMSMC,DOGE/USD
b,2024-11-12T06:44:25.922432851Z,2024-11-11 23:44:25.970796,0.4001281,30000.0,add,OK4QWA-QLMYW-KDRIFL,DOGE/USD
a,2024-11-12T06:44:26.366617759Z,2024-11-11 23:44:25.984210,0.4007061,14661.6053451,delete,OLRPZG-MQMVL-C3W3QR,DOGE/USD
a,2024-11-12T06:44:25.619892510Z,2024-11-11 23:44:25.984210,0.4009151,64202.06626352,add,O3AZG2-C46KA-7FG3QC,DOGE/USD
a,2024-11-12T06:44:26.094218251Z,2024-11-11 23:44:25.984370,89455.8,0.01151239,delete,OGOIK2-JW5O2-PSFH3H,BTC/USD
a,2024-11-12T06:44:25.337521581Z,2024-11-11 23:44:25.984370,89455.9,5.58934913,add,OEUSKK-BPJ74-L67IYU,BTC/USD
a,2024-11-12T06:44:26.369533469Z,2024-11-11 23:44:25.984509,0.4007243,7290.0,delete,OU4ERO-YRR5Y-ENZ3DU,DOGE/USD
a,2024-11-12T06:44:26.346929048Z,2024-11-11 23:44:25.984509,0.4009206,64201.18696376,add,OJZC5P-B4GKA-MIK3UT,DOGE/USD
b,2024-11-12T06:44:26.369635655Z,2024-11-11 23:44:25.984646,0.4004316,26793.34645781,delete,OVOI5G-ITSQT-TBVRBC,DOGE/USD
b,2024-11-12T06:44:21.839856900Z,2024-11-11 23:44:25.984646,0.4001278,2193.75,add,OUYAXD-BQZYI-YIVHZQ,DOGE/USD
b,2024-11-12T06:44:26.369846470Z,2024-11-11 23:44:25.984762,0.4004516,2193.75,add,OHKYEQ-2SO7D-N5YFU5,DOGE/USD
a,2024-11-12T06:44:26.372456398Z,2024-11-11 23:44:25.984871,0.4007558,14005.19256886,add,OY5C7P-ZLODI-M6MNVY,DOGE/USD
a,2024-11-12T06:44:26.381214842Z,2024-11-11 23:44:25.985007,0.4008635,4482.98410825,delete,O2DG77-UKQ5I-3FOZQX,DOGE/USD
a,2024-11-12T06:44:26.346929048Z,2024-11-11 23:44:25.985007,0.4009206,64201.18696376,add,OJZC5P-B4GKA-MIK3UT,DOGE/USD
a,2024-11-12T06:44:26.399964419Z,2024-11-11 23:44:25.994670,0.4009129,4000.0,add,OIK4NG-VO6H6-JKUHAJ,DOGE/USD
a,2024-11-12T06:44:26.404594956Z,2024-11-11 23:44:25.996755,0.4007231,11631.67288225,delete,O3OSQW-YJCUE-JA6YJK,DOGE/USD
a,2024-11-12T06:44:26.346929048Z,2024-11-11 23:44:25.996755,0.4009206,64201.18696376,add,OJZC5P-B4GKA-MIK3UT,DOGE/USD
a,2024-11-12T06:44:26.409446547Z,2024-11-11 23:44:26.001488,89439.7,0.00111953,delete,O7ZGUW-ZDVVC-HQ5U72,BTC/USD
a,2024-11-12T06:44:25.313275359Z,2024-11-11 23:44:26.001488,89460.7,0.01620785,add,OCOFSZ-5W6XI-Q6GQ3R,BTC/USD
a,2024-11-12T06:44:26.414607567Z,2024-11-11 23:44:26.006590,0.4007558,14005.19256886,delete,OY5C7P-ZLODI-M6MNVY,DOGE/USD
a,2024-11-12T06:44:24.940654862Z,2024-11-11 23:44:26.006590,0.4009892,998.25716777,add,OGH4SH-LGJJB-SYHQJZ,DOGE/USD
b,2024-11-12T06:44:26.438298031Z,2024-11-11 23:44:26.030429,89424.0,0.0379,add,OAJJUD-BFCII-547OL2,BTC/USD
b,2024-11-12T06:44:26.440404494Z,2024-11-11 23:44:26.032292,89416.0,0.0379,delete,OWF5CO-P4E7U-ZILTMR,BTC/USD
b,2024-11-12T06:44:26.450524475Z,2024-11-11 23:44:26.042612,0.4003199,740.65904232,add,OER4UD-D7RBT-5XVVO3,DOGE/USD
b,2024-11-12T06:44:26.458050215Z,2024-11-11 23:44:26.050433,0.4006831,10224.7965642,add,OGJHNB-YPQMQ-2NPURI,DOGE/USD
a,2024-11-12T06:44:26.458128577Z,2024-11-11 23:44:26.050561,0.4007655,12769.04079911,add,OTDQ3Y-R3MBR-XPKA42,DOGE/USD
a,2024-11-12T06:44:26.458563759Z,2024-11-11 23:44:26.050808,0.4006861,2193.75,delete,OQEULA-3T5EZ-XRAB7Q,DOGE/USD
a,2024-11-12T06:44:26.460948111Z,2024-11-11 23:44:26.053409,0.4006861,2193.75,delete,OK52TA-S6D3D-VE35EF,DOGE/USD
a,2024-11-12T06:44:24.940654862Z,2024-11-11 23:44:26.053409,0.4009892,998.25716777,add,OGH4SH-LGJJB-SYHQJZ,DOGE/USD
b,2024-11-12T06:44:26.461571133Z,2024-11-11 23:44:26.054360,0.4006462,16537.49109208,add,OTCDJA-EDATP-V3IJOG,DOGE/USD
a,2024-11-12T06:44:26.484723178Z,2024-11-11 23:44:26.077016,0.4008017,27448.31450625,delete,OKDVYZ-DOA6M-3752DV,DOGE/USD
a,2024-11-12T06:44:26.381214846Z,2024-11-11 23:44:26.077016,0.4009904,4482.98410825,add,OYOAEV-AILC6-P5MJMG,DOGE/USD
b,2024-11-12T06:44:26.484853014Z,2024-11-11 23:44:26.077360,0.4006831,10224.7965642,delete,OGJHNB-YPQMQ-2NPURI,DOGE/USD
b,2024-11-12T06:44:25.879861503Z,2024-11-11 23:44:26.077360,0.4001766,2193.75,add,OCK23H-TL32J-TJMUSA,DOGE/USD
a,2024-11-12T06:44:26.484896673Z,2024-11-11 23:44:26.077521,0.4009206,64201.18696376,delete,OJZC5P-B4GKA-MIK3UT,DOGE/USD
a,2024-11-12T06:44:21.629843387Z,2024-11-11 23:44:26.077521,0.4009931,2193.75,add,OBX2JT-LPMWG-4TXXO5,DOGE/USD
b,2024-11-12T06:44:26.487794356Z,2024-11-11 23:44:26.079570,0.4006462,16537.49109208,delete,OTCDJA-EDATP-V3IJOG,DOGE/USD
b,2024-11-12T06:41:37.318428789Z,2024-11-11 23:44:26.079570,0.4001365,243.91676341,add,O5FTDN-CWWUN-JTXKUJ,DOGE/USD
b,2024-11-12T06:44:26.503188267Z,2024-11-11 23:44:26.095555,0.4001366,1002.96789222,add,OPEJI7-F4ATW-RBECII,DOGE/USD
a,2024-11-12T06:44:26.537066704Z,2024-11-11 23:44:26.129564,0.4007655,12769.04079911,delete,OTDQ3Y-R3MBR-XPKA42,DOGE/USD
a,2024-11-12T06:44:21.632175850Z,2024-11-11 23:44:26.129564,0.4010332,2193.75,add,ODF465-CA6GT-IUZ5BM,DOGE/USD
a,2024-11-12T06:44:26.543712168Z,2024-11-11 23:44:26.136105,0.4007553,2193.75,delete,OJLYIX-7BMWK-VVP75F,DOGE/USD
a,2024-11-12T06:44:25.226858946Z,2024-11-11 23:44:26.136105,0.4010733,2193.75,add,OP2NVK-HBJ52-36XZ7Y,DOGE/USD
b,2024-11-12T06:44:26.563785454Z,2024-11-11 23:44:26.156260,0.400614,16538.81966161,add,ODI2KX-MLWKU-3CZCZL,DOGE/USD
b,2024-11-12T06:44:26.563896423Z,2024-11-11 23:44:26.156372,0.4006508,10225.62254959,add,OCC6SE-VBJMR-BS65QW,DOGE/USD
a,2024-11-12T06:44:26.594431252Z,2024-11-11 23:44:26.186399,0.4007229,2193.75,delete,OHRXZO-DG3FL-AGE2PC,DOGE/USD
a,2024-11-12T06:44:25.324079652Z,2024-11-11 23:44:26.186399,0.4010904,34914.6,add,OL75SC-5LKX3-JDDVHX,DOGE/USD
a,2024-11-12T06:44:26.596760849Z,2024-11-11 23:44:26.189112,0.4007448,696.39832337,delete,O2JKNU-6LMQB-XG6IEY,DOGE/USD
a,2024-11-12T06:44:24.795395401Z,2024-11-11 23:44:26.189112,0.4011276,68621.86269473,add,O3KNBB-WJWRC-5NY2SM,DOGE/USD
a,2024-11-12T06:44:26.598584436Z,2024-11-11 23:44:26.190568,0.4009119,4000.0,add,O3C34E-2A75D-H3DTHC,DOGE/USD
a,2024-11-12T06:44:26.599325358Z,2024-11-11 23:44:26.191192,0.4008929,2193.75,add,OTIYJK-F6N57-MISHAR,DOGE/USD
b,2024-11-12T06:44:26.600571589Z,2024-11-11 23:44:26.192299,0.4004882,19937.29891674,add,OOXG3I-THDZJ-OEXWN6,DOGE/USD
b,2024-11-12T06:44:26.600599706Z,2024-11-11 23:44:26.225455,0.4005777,14614.1074657,add,O4NB5Z-QTPIU-NX5DKX,DOGE/USD
b,2024-11-12T06:44:26.608847913Z,2024-11-11 23:44:26.225620,0.4005305,2193.75,add,OHYJ2F-MKW4I-C3HC6M,DOGE/USD
b,2024-11-12T06:44:26.613334623Z,2024-11-11 23:44:26.225779,0.4006508,10225.62254959,delete,OCC6SE-VBJMR-BS65QW,DOGE/USD
b,2024-11-12T06:44:26.341443757Z,2024-11-11 23:44:26.225779,0.4002257,4482.98410825,add,OXFTN7-5WAMZ-2WB7TL,DOGE/USD
b,2024-11-12T06:44:26.616890101Z,2024-11-11 23:44:26.225921,0.400614,16538.81966161,delete,ODI2KX-MLWKU-3CZCZL,DOGE/USD
b,2024-11-12T06:44:26.305674972Z,2024-11-11 23:44:26.225921,0.4002167,2193.75,add,OTIC7G-KE54O-GF2D3K,DOGE/USD
b,2024-11-12T06:44:26.620094133Z,2024-11-11 23:44:26.226178,0.4005777,14614.1074657,delete,O4NB5Z-QTPIU-NX5DKX,DOGE/USD
b,2024-11-12T06:44:26.302536233Z,2024-11-11 23:44:26.226178,0.4001767,220.21253825,add,OMRHGL-VCRRV-5AL6FS,DOGE/USD
b,2024-11-12T06:44:26.623861955Z,2024-11-11 23:44:26.226327,0.4005305,2193.75,delete,OHYJ2F-MKW4I-C3HC6M,DOGE/USD
b,2024-11-12T06:44:25.879861503Z,2024-11-11 23:44:26.226327,0.4001766,2193.75,add,OCK23H-TL32J-TJMUSA,DOGE/USD
a,2024-11-12T06:44:26.624324689Z,2024-11-11 23:44:26.226493,0.4009118,41178.78941622,add,ONCM4L-TCPCH-K4ZQFR,DOGE/USD
b,2024-11-12T06:44:26.626550483Z,2024-11-11 23:44:26.226681,0.4004884,2193.75,add,OJQXJV-QQGP6-UNOYMX,DOGE/USD
a,2024-11-12T06:44:26.627968089Z,2024-11-11 23:44:26.226782,0.4010271,9595.39421078,add,OIDDZC-MZG4A-NLN47U,DOGE/USD
a,2024-11-12T06:44:26.628347424Z,2024-11-11 23:44:26.226879,0.4008919,4000.0,add,O2OH6J-YCSNO-MAPTYU,DOGE/USD
a,2024-11-12T06:44:26.630736354Z,2024-11-11 23:44:26.226976,0.4008719,2193.75,add,OBF3KA-BMUSX-A6Q3X6,DOGE/USD
b,2024-11-12T06:44:26.633177317Z,2024-11-11 23:44:26.227122,0.4004884,2193.75,delete,OJQXJV-QQGP6-UNOYMX,DOGE/USD
b,2024-11-12T06:44:25.879861503Z,2024-11-11 23:44:26.227122,0.4001766,2193.75,add,OCK23H-TL32J-TJMUSA,DOGE/USD
a,2024-11-12T06:44:26.633341915Z,2024-11-11 23:44:26.232727,0.4008719,2193.75,add,O67FRF-3WU5N-CWKAZU,DOGE/USD
b,2024-11-12T06:44:26.639395859Z,2024-11-11 23:44:26.232863,0.4004896,2193.75,add,OVGOZQ-IVMFA-QGQDFC,DOGE/USD
b,2024-11-12T06:44:26.641666488Z,2024-11-11 23:44:26.237100,0.4004896,2193.75,delete,OVGOZQ-IVMFA-QGQDFC,DOGE/USD
b,2024-11-12T06:44:25.879861503Z,2024-11-11 23:44:26.237100,0.4001766,2193.75,add,OCK23H-TL32J-TJMUSA,DOGE/USD
b,2024-11-12T06:44:26.651302790Z,2024-11-11 23:44:26.243169,0.4004911,2193.75,add,ORBJGZ-4XBFK-KJ3GUU,DOGE/USD
b,2024-11-12T06:44:26.665911017Z,2024-11-11 23:44:26.258370,0.4006636,10225.29574388,add,O6DXOP-CKYME-UPON22,DOGE/USD
b,2024-11-12T06:44:26.665952713Z,2024-11-11 23:44:26.258493,0.4002702,60849.23570794,add,OKHVDZ-EGEOQ-WGGKPL,DOGE/USD
a,2024-11-12T06:44:26.669646997Z,2024-11-11 23:44:26.261789,0.4008919,4000.0,delete,O2OH6J-YCSNO-MAPTYU,DOGE/USD
a,2024-11-12T06:44:21.629843387Z,2024-11-11 23:44:26.261789,0.4009931,2193.75,add,OBX2JT-LPMWG-4TXXO5,DOGE/USD
b,2024-11-12T06:44:26.682882086Z,2024-11-11 23:44:26.274878,0.4004911,2193.75,delete,ORBJGZ-4XBFK-KJ3GUU,DOGE/USD
b,2024-11-12T06:44:26.305674972Z,2024-11-11 23:44:26.274878,0.4002167,2193.75,add,OTIC7G-KE54O-GF2D3K,DOGE/USD
b,2024-11-12T06:44:26.695102096Z,2024-11-11 23:44:26.287653,0.4006636,10225.29574388,delete,O6DXOP-CKYME-UPON22,DOGE/USD
b,2024-11-12T06:44:26.302536233Z,2024-11-11 23:44:26.287653,0.4001767,220.21253825,add,OMRHGL-VCRRV-5AL6FS,DOGE/USD
b,2024-11-12T06:44:26.702392955Z,2024-11-11 23:44:26.294708,0.4004893,2193.75,add,OOQUKZ-2WQ5C-CEOZ34,DOGE/USD
a,2024-11-12T06:44:26.706273844Z,2024-11-11 23:44:26.298325,0.4008709,4000.0,add,OUM42W-GOBEV-YUYQCA,DOGE/USD
a,2024-11-12T06:44:26.708684358Z,2024-11-11 23:44:26.300790,0.4008509,2193.75,add,O4RJFX-PDIVJ-KC2UJE,DOGE/USD
a,2024-11-12T06:44:26.708761200Z,2024-11-11 23:44:26.300954,0.4008929,2193.75,delete,OTIYJK-F6N57-MISHAR,DOGE/USD
a,2024-11-12T06:44:26.381214846Z,2024-11-11 23:44:26.300954,0.4009904,4482.98410825,add,OYOAEV-AILC6-P5MJMG,DOGE/USD
b,2024-11-12T06:44:26.709723775Z,2024-11-11 23:44:26.302068,0.4004893,2193.75,delete,OOQUKZ-2WQ5C-CEOZ34,DOGE/USD
b,2024-11-12T06:44:26.302536233Z,2024-11-11 23:44:26.302068,0.4001767,220.21253825,add,OMRHGL-VCRRV-5AL6FS,DOGE/USD
b,2024-11-12T06:44:26.775739416Z,2024-11-11 23:44:26.368435,0.4004882,19937.29891674,delete,OOXG3I-THDZJ-OEXWN6,DOGE/USD
b,2024-11-12T06:44:25.879861503Z,2024-11-11 23:44:26.368435,0.4001766,2193.75,add,OCK23H-TL32J-TJMUSA,DOGE/USD
a,2024-11-12T06:44:26.780275000Z,2024-11-11 23:44:26.372303,0.4008709,4000.0,delete,OUM42W-GOBEV-YUYQCA,DOGE/USD
a,2024-11-12T06:44:21.629843387Z,2024-11-11 23:44:26.372303,0.4009931,2193.75,add,OBX2JT-LPMWG-4TXXO5,DOGE/USD
b,2024-11-12T06:44:26.302536233Z,2024-11-11 23:44:26.449363,0.4001767,220.21253825,delete,OMRHGL-VCRRV-5AL6FS,DOGE/USD
b,2024-11-12T06:41:37.318428789Z,2024-11-11 23:44:26.449363,0.4001365,243.91676341,add,O5FTDN-CWWUN-JTXKUJ,DOGE/USD
b,2024-11-12T06:44:26.856908579Z,2024-11-11 23:44:26.449976,0.4004517,220.0613129,add,OMRHGL-VCRRV-5AL6FS,DOGE/USD
a,2024-11-12T06:44:26.861064842Z,2024-11-11 23:44:26.454163,0.4008499,4000.0,add,OPQDOD-GATBC-TDLPCL,DOGE/USD
a,2024-11-12T06:44:26.863473386Z,2024-11-11 23:44:26.455311,0.4008299,2193.75,add,OCJGO6-FVLV2-6HJNBE,DOGE/USD
a,2024-11-12T06:44:26.863613759Z,2024-11-11 23:44:26.455447,0.4008719,2193.75,delete,OBF3KA-BMUSX-A6Q3X6,DOGE/USD
a,2024-11-12T06:44:26.865960593Z,2024-11-11 23:44:26.457834,0.4008299,2193.75,add,OINV4V-XDJZL-A5L6FT,DOGE/USD
b,2024-11-12T06:44:26.869396057Z,2024-11-11 23:44:26.461026,0.4004541,2193.75,add,OZHZCW-6MVUW-WUWQNG,DOGE/USD
b,2024-11-12T06:44:26.892151467Z,2024-11-11 23:44:26.484910,89426.4,0.3375,add,OJJDU3-DIXWX-YYA2LC,BTC/USD
b,2024-11-12T06:44:26.892909317Z,2024-11-11 23:44:26.485572,0.4004541,2193.75,add,OLR6WH-QC5SP-ZQR5IF,DOGE/USD
b,2024-11-12T06:44:26.893055040Z,2024-11-11 23:44:26.485667,0.4002657,2193.75,delete,ODQRKH-SYBPG-TW2VYF,DOGE/USD
a,2024-11-12T06:44:26.896873565Z,2024-11-11 23:44:26.490226,0.4008499,4000.0,delete,OPQDOD-GATBC-TDLPCL,DOGE/USD
a,2024-11-12T06:44:26.381214846Z,2024-11-11 23:44:26.490226,0.4009904,4482.98410825,add,OYOAEV-AILC6-P5MJMG,DOGE/USD
b,2024-11-12T06:44:26.902555463Z,2024-11-11 23:44:26.494947,89426.4,0.3375,delete,OJJDU3-DIXWX-YYA2LC,BTC/USD
a,2024-11-12T06:44:26.996157193Z,2024-11-11 23:44:26.588470,0.4008262,14002.73461407,add,ODYQNE-TRICW-2WG55P,DOGE/USD
a,2024-11-12T06:44:26.996209496Z,2024-11-11 23:44:26.588591,0.4008262,16189.86426401,add,OGN5LA-ZA2M7-O2WQJV,DOGE/USD
a,2024-11-12T06:44:26.996234608Z,2024-11-11 23:44:26.588685,0.4009713,52054.34503685,add,OE454X-W5F7I-YQZMJR,DOGE/USD
a,2024-11-12T06:44:26.998507624Z,2024-11-11 23:44:26.590227,0.4008062,2193.75,add,ONI7FN-7GBOM-43BOMM,DOGE/USD
a,2024-11-12T06:44:26.998597651Z,2024-11-11 23:44:26.590601,0.4008509,2193.75,delete,O4RJFX-PDIVJ-KC2UJE,DOGE/USD
a,2024-11-12T06:44:26.996234608Z,2024-11-11 23:44:26.590601,0.4009713,52054.34503685,add,OE454X-W5F7I-YQZMJR,DOGE/USD
b,2024-11-12T06:44:26.998675682Z,2024-11-11 23:44:26.590713,0.4004541,2193.75,delete,OZHZCW-6MVUW-WUWQNG,DOGE/USD
a,2024-11-12T06:44:26.999721940Z,2024-11-11 23:44:26.591435,0.4008262,16189.86426401,delete,OGN5LA-ZA2M7-O2WQJV,DOGE/USD
a,2024-11-12T06:44:27.000401338Z,2024-11-11 23:44:26.592582,0.4008252,4000.0,add,OP6EUD-45WZ5-6QBDCE,DOGE/USD
a,2024-11-12T06:44:27.001379540Z,2024-11-11 23:44:26.593370,0.4008262,14002.73461407,delete,ODYQNE-TRICW-2WG55P,DOGE/USD
a,2024-11-12T06:44:26.996234608Z,2024-11-11 23:44:26.593370,0.4009713,52054.34503685,add,OE454X-W5F7I-YQZMJR,DOGE/USD
a,2024-11-12T06:44:27.004126039Z,2024-11-11 23:44:26.596304,0.4007207,12770.46632708,add,OEAFWG-CB7WJ-HXJMHK,DOGE/USD
a,2024-11-12T06:44:27.006660616Z,2024-11-11 23:44:26.598871,0.4008299,2193.75,delete,OCJGO6-FVLV2-6HJNBE,DOGE/USD
a,2024-11-12T06:44:27.006823434Z,2024-11-11 23:44:26.598997,0.4007007,2193.75,add,ONVVXX-ZR5FQ-YR5YBB,DOGE/USD
a,2024-11-12T06:44:27.006912057Z,2024-11-11 23:44:26.599090,0.4007608,2193.75,add,OAG2PA-2TNZ3-UU3A2E,DOGE/USD
a,2024-11-12T06:44:27.009759409Z,2024-11-11 23:44:26.602044,0.4007007,2193.75,add,OOJDZX-B2DBN-6OFYHJ,DOGE/USD
a,2024-11-12T06:44:27.026900093Z,2024-11-11 23:44:26.619316,89428.3,0.001,delete,OPYORE-BST4T-CWUAP4,BTC/USD
a,2024-11-12T06:43:22.140766908Z,2024-11-11 23:44:26.619316,89462.4,6.12e-05,add,OW2RPO-YYJZW-VJCF3O,BTC/USD
a,2024-11-12T06:44:18.908055984Z,2024-11-11 23:44:26.619316,89462.4,0.3375,add,OFAF2V-TIX5W-74IQ5F,BTC/USD
a,2024-11-12T06:44:27.066575664Z,2024-11-11 23:44:26.658934,0.4007207,12770.46632708,delete,OEAFWG-CB7WJ-HXJMHK,DOGE/USD
a,2024-11-12T06:44:21.630025931Z,2024-11-11 23:44:26.658934,0.400913,2193.75,add,OXAUVC-TFHMQ-NRJF2G,DOGE/USD
a,2024-11-12T06:44:27.070967951Z,2024-11-11 23:44:26.663589,0.4008252,4000.0,delete,OP6EUD-45WZ5-6QBDCE,DOGE/USD
a,2024-11-12T06:44:25.619892510Z,2024-11-11 23:44:26.663589,0.4009151,64202.06626352,add,O3AZG2-C46KA-7FG3QC,DOGE/USD
a,2024-11-12T06:44:27.163411991Z,2024-11-11 23:44:26.755233,0.4007007,2193.75,delete,OOJDZX-B2DBN-6OFYHJ,DOGE/USD
b,2024-11-12T06:44:27.180412144Z,2024-11-11 23:44:26.772362,0.4004541,2193.75,add,OA7L2Y-HPCDL-WPCRZ5,DOGE/USD
b,2024-11-12T06:44:27.185068800Z,2024-11-11 23:44:26.777454,0.4004578,19938.80990497,add,O7SWVU-Z4C6L-R3RRFG,DOGE/USD
a,2024-11-12T06:44:27.185106998Z,2024-11-11 23:44:26.798743,0.400757,14005.15298384,add,O5LCNP-KTYZC-I6RTPR,DOGE/USD
b,2024-11-12T06:44:27.185210585Z,2024-11-11 23:44:26.798863,0.400447,26792.32066867,add,OOIJUV-TAIAP-VXAZRY,DOGE/USD
a,2024-11-12T06:44:27.185224278Z,2024-11-11 23:44:26.798995,0.4007049,12770.97156693,add,O3C6YX-555RA-LCV2D7,DOGE/USD
b,2024-11-12T06:44:27.185264627Z,2024-11-11 23:44:26.799094,0.4004565,14618.53088709,add,OA2Z2E-4YNT3-DWKHTE,DOGE/USD
b,2024-11-12T06:44:27.185310690Z,2024-11-11 23:44:26.799198,0.4004565,16545.32370784,add,OBJOJL-LNNCW-TQIFUJ,DOGE/USD
b,2024-11-12T06:44:27.187667394Z,2024-11-11 23:44:26.799297,0.4004778,2193.75,add,OZBEX4-UFPGK-TXJSU4,DOGE/USD
b,2024-11-12T06:44:27.188357549Z,2024-11-11 23:44:26.799433,0.4004578,19938.80990497,delete,O7SWVU-Z4C6L-R3RRFG,DOGE/USD
b,2024-11-12T06:44:26.665952713Z,2024-11-11 23:44:26.799433,0.4002702,60849.23570794,add,OKHVDZ-EGEOQ-WGGKPL,DOGE/USD
b,2024-11-12T06:44:27.189077729Z,2024-11-11 23:44:26.799569,0.4004516,2193.75,delete,OHKYEQ-2SO7D-N5YFU5,DOGE/USD
b,2024-11-12T06:44:26.344326628Z,2024-11-11 23:44:26.799569,0.4002657,2193.75,add,OYSPPO-E2PVF-GHWWB2,DOGE/USD
b,2024-11-12T06:44:27.189504626Z,2024-11-11 23:44:26.799668,0.4004565,14618.53088709,delete,OA2Z2E-4YNT3-DWKHTE,DOGE/USD
b,2024-11-12T06:44:27.189981487Z,2024-11-11 23:44:26.799809,0.4004565,16545.32370784,delete,OBJOJL-LNNCW-TQIFUJ,DOGE/USD
b,2024-11-12T06:44:26.341443757Z,2024-11-11 23:44:26.799809,0.4002257,4482.98410825,add,OXFTN7-5WAMZ-2WB7TL,DOGE/USD
b,2024-11-12T06:44:27.192273771Z,2024-11-11 23:44:26.799914,0.4006389,10225.92659903,add,OUILHU-TULF6-GL5F24,DOGE/USD
a,2024-11-12T06:44:27.216132002Z,2024-11-11 23:44:26.808689,0.4007007,2193.75,delete,ONVVXX-ZR5FQ-YR5YBB,DOGE/USD
a,2024-11-12T06:44:21.630025931Z,2024-11-11 23:44:26.808689,0.400913,2193.75,add,OXAUVC-TFHMQ-NRJF2G,DOGE/USD
b,2024-11-12T06:44:27.217004054Z,2024-11-11 23:44:26.809507,89416.0,0.00546884,delete,OJFBFP-INF73-NLLAUG,BTC/USD
b,2024-11-12T06:44:03.736169767Z,2024-11-11 23:44:26.809507,89412.0,0.05,add,OIUO75-MWTXQ-LY5HMM,BTC/USD
a,2024-11-12T06:44:27.217789461Z,2024-11-11 23:44:26.810018,0.4007049,12770.97156693,delete,O3C6YX-555RA-LCV2D7,DOGE/USD
a,2024-11-12T06:44:25.619892510Z,2024-11-11 23:44:26.810018,0.4009151,64202.06626352,add,O3AZG2-C46KA-7FG3QC,DOGE/USD
b,2024-11-12T06:44:27.217928696Z,2024-11-11 23:44:26.810166,0.4006389,10225.92659903,delete,OUILHU-TULF6-GL5F24,DOGE/USD
b,2024-11-12T06:44:26.341443757Z,2024-11-11 23:44:26.810166,0.4002257,4482.98410825,add,OXFTN7-5WAMZ-2WB7TL,DOGE/USD
a,2024-11-12T06:44:27.220344768Z,2024-11-11 23:44:26.812252,0.400737,2193.75,add,OOIYTQ-AIF2Q-HL43SQ,DOGE/USD
b,2024-11-12T06:44:27.220358871Z,2024-11-11 23:44:26.813510,0.400447,26792.32066867,delete,OOIJUV-TAIAP-VXAZRY,DOGE/USD
b,2024-11-12T06:44:26.305674972Z,2024-11-11 23:44:26.813510,0.4002167,2193.75,add,OTIC7G-KE54O-GF2D3K,DOGE/USD
a,2024-11-12T06:44:27.226463497Z,2024-11-11 23:44:26.820330,0.400757,14005.15298384,delete,O5LCNP-KTYZC-I6RTPR,DOGE/USD
a,2024-11-12T06:44:25.619892510Z,2024-11-11 23:44:26.820330,0.4009151,64202.06626352,add,O3AZG2-C46KA-7FG3QC,DOGE/USD
b,2024-11-12T06:44:27.231261705Z,2024-11-11 23:44:26.823936,0.4004705,58145.56814244,add,OUCN4B-AN7HS-6FIBUK,DOGE/USD
a,2024-11-12T06:44:27.242661231Z,2024-11-11 23:44:26.835658,0.400737,2193.75,delete,OOIYTQ-AIF2Q-HL43SQ,DOGE/USD
a,2024-11-12T06:44:26.996234608Z,2024-11-11 23:44:26.835658,0.4009713,52054.34503685,add,OE454X-W5F7I-YQZMJR,DOGE/USD
a,2024-11-12T06:44:27.243955632Z,2024-11-11 23:44:26.836346,0.4007608,2193.75,delete,OAG2PA-2TNZ3-UU3A2E,DOGE/USD
a,2024-11-12T06:44:24.940654862Z,2024-11-11 23:44:26.836346,0.4009892,998.25716777,add,OGH4SH-LGJJB-SYHQJZ,DOGE/USD
a,2024-11-12T06:44:27.246217334Z,2024-11-11 23:44:26.838610,0.4008262,16189.86367579,add,OT5RYW-4566I-CACTZ7,DOGE/USD
b,2024-11-12T06:44:27.257701357Z,2024-11-11 23:44:26.852012,89426.4,0.16082658,add,OPILGP-TECCC-AYCS5E,BTC/USD
a,2024-11-12T06:44:27.285639976Z,2024-11-11 23:44:26.877662,89460.7,0.01620785,delete,OCOFSZ-5W6XI-Q6GQ3R,BTC/USD
a,2024-11-12T01:41:13.662213774Z,2024-11-11 23:44:26.877662,89462.5,0.00037653,add,ODPHDL-H6E63-TOYDII,BTC/USD
b,2024-11-12T06:44:27.286707745Z,2024-11-11 23:44:26.879206,0.4004705,58145.56814244,delete,OUCN4B-AN7HS-6FIBUK,DOGE/USD
b,2024-11-12T06:44:26.305674972Z,2024-11-11 23:44:26.879206,0.4002167,2193.75,add,OTIC7G-KE54O-GF2D3K,DOGE/USD
b,2024-11-12T06:44:27.292641229Z,2024-11-11 23:44:26.884508,0.4007348,10223.47978449,add,OSINK3-CGVZX-ZLY4SL,DOGE/USD
b,2024-11-12T06:44:27.295720468Z,2024-11-11 23:44:26.887477,0.4006988,16535.32031303,add,OHXZHH-OHMM5-EQWWAJ,DOGE/USD
b,2024-11-12T06:44:27.302163550Z,2024-11-11 23:44:26.894027,89426.4,0.3375,add,OX42OD-SF7HO-UYBF2G,BTC/USD
a,2024-11-12T06:44:27.326691041Z,2024-11-11 23:44:26.919152,0.4008262,16189.86367579,delete,OT5RYW-4566I-CACTZ7,DOGE/USD
a,2024-11-12T06:44:27.298281838Z,2024-11-11 23:44:26.919152,0.4009826,52052.8888443,add,O3CEIX-OYBD2-CX5TIE,DOGE/USD
a,2024-11-12T06:44:27.329435546Z,2024-11-11 23:44:26.921880,0.4008118,12767.56613861,add,O4YS5J-4K6UA-WGUAH6,DOGE/USD
b,2024-11-12T06:44:26.856908579Z,2024-11-11 23:44:26.952525,0.4004517,220.0613129,delete,OMRHGL-VCRRV-5AL6FS,DOGE/USD
b,2024-11-12T06:44:26.341443757Z,2024-11-11 23:44:26.952525,0.4002257,4482.98410825,add,OXFTN7-5WAMZ-2WB7TL,DOGE/USD
b,2024-11-12T06:44:27.359942152Z,2024-11-11 23:44:26.952676,0.4007349,219.90579521,add,OMRHGL-VCRRV-5AL6FS,DOGE/USD
a,2024-11-12T06:44:27.366389134Z,2024-11-11 23:44:26.958472,89453.4,0.3375,delete,OBX2BA-4R6KQ-NFY7KP,BTC/USD
a,2024-11-12T06:44:26.885616337Z,2024-11-11 23:44:26.958472,89462.6,0.02212183,add,O34GZB-R6RX4-7EARAD,BTC/USD
a,2024-11-12T06:44:27.369153337Z,2024-11-11 23:44:26.963345,0.4008062,2193.75,delete,ONI7FN-7GBOM-43BOMM,DOGE/USD
a,2024-11-12T06:44:27.298281838Z,2024-11-11 23:44:26.963345,0.4009826,52052.8888443,add,O3CEIX-OYBD2-CX5TIE,DOGE/USD
a,2024-11-12T06:44:27.370099588Z,2024-11-11 23:44:26.964532,0.4008299,2193.75,delete,OINV4V-XDJZL-A5L6FT,DOGE/USD
a,2024-11-12T06:44:24.940654862Z,2024-11-11 23:44:26.964532,0.4009892,998.25716777,add,OGH4SH-LGJJB-SYHQJZ,DOGE/USD
b,2024-11-12T06:44:27.370597046Z,2024-11-11 23:44:26.965370,0.4004541,2193.75,delete,OLR6WH-QC5SP-ZQR5IF,DOGE/USD
b,2024-11-12T06:44:27.370827578Z,2024-11-11 23:44:26.965774,0.4007352,2193.75,add,OQIQRC-F4DYH-32KCND,DOGE/USD
b,2024-11-12T06:44:27.373172592Z,2024-11-11 23:44:26.972951,0.4007352,2193.75,delete,OQIQRC-F4DYH-32KCND,DOGE/USD
b,2024-11-12T06:44:26.344326628Z,2024-11-11 23:44:26.972951,0.4002657,2193.75,add,OYSPPO-E2PVF-GHWWB2,DOGE/USD
b,2024-11-12T06:44:27.374452709Z,2024-11-11 23:44:26.976331,0.4007348,10223.47978449,delete,OSINK3-CGVZX-ZLY4SL,DOGE/USD
b,2024-11-12T06:44:26.341443757Z,2024-11-11 23:44:26.976331,0.4002257,4482.98410825,add,OXFTN7-5WAMZ-2WB7TL,DOGE/USD
a,2024-11-12T06:44:27.377235128Z,2024-11-11 23:44:26.980775,0.4008118,12767.56613861,delete,O4YS5J-4K6UA-WGUAH6,DOGE/USD
a,2024-11-12T06:44:26.381214846Z,2024-11-11 23:44:26.980775,0.4009904,4482.98410825,add,OYOAEV-AILC6-P5MJMG,DOGE/USD
b,2024-11-12T06:44:27.377269118Z,2024-11-11 23:44:26.980981,0.4003198,64926.96049171,delete,OM6GQG-NV4NL-6NLCTC,DOGE/USD
b,2024-11-12T06:44:26.305674972Z,2024-11-11 23:44:26.980981,0.4002167,2193.75,add,OTIC7G-KE54O-GF2D3K,DOGE/USD
a,2024-11-12T06:44:27.379736149Z,2024-11-11 23:44:26.984791,89462.6,0.02212183,delete,O34GZB-R6RX4-7EARAD,BTC/USD
a,2024-11-12T06:41:25.388671668Z,2024-11-11 23:44:26.984791,89463.7,0.01827711,add,OTR3TF-7LFPN-J65EFW,BTC/USD
a,2024-11-12T06:44:27.381249069Z,2024-11-11 23:44:26.987869,0.4008719,2193.75,add,OJARRF-UNTMJ-U2KP26,DOGE/USD
b,2024-11-12T06:44:27.359942152Z,2024-11-11 23:44:26.989839,0.4007349,219.90579521,delete,OMRHGL-VCRRV-5AL6FS,DOGE/USD
b,2024-11-12T06:44:25.879861503Z,2024-11-11 23:44:26.989839,0.4001766,2193.75,add,OCK23H-TL32J-TJMUSA,DOGE/USD
b,2024-11-12T06:44:27.383632581Z,2024-11-11 23:44:26.989952,0.4006989,219.92555221,add,OMRHGL-VCRRV-5AL6FS,DOGE/USD
a,2024-11-12T06:44:27.387786240Z,2024-11-11 23:44:26.993783,0.4008831,14000.74564903,add,OTQEET-HZ3MG-RV4HA3,DOGE/USD
b,2024-11-12T06:44:27.388736279Z,2024-11-11 23:44:26.994977,0.4006988,16535.32031303,delete,OHXZHH-OHMM5-EQWWAJ,DOGE/USD
b,2024-11-12T06:44:25.879861503Z,2024-11-11 23:44:26.994977,0.4001766,2193.75,add,OCK23H-TL32J-TJMUSA,DOGE/USD
b,2024-11-12T06:44:27.392695430Z,2024-11-11 23:44:26.999192,0.4007794,10222.34032031,add,O22Y3E-NJANG-RWJHT4,DOGE/USD
b,2024-11-12T06:44:27.383632581Z,2024-11-11 23:44:27.001465,0.4006989,219.92555221,delete,OMRHGL-VCRRV-5AL6FS,DOGE/USD
b,2024-11-12T06:44:25.879861503Z,2024-11-11 23:44:27.001465,0.4001766,2193.75,add,OCK23H-TL32J-TJMUSA,DOGE/USD
b,2024-11-12T06:44:27.393321777Z,2024-11-11 23:44:27.001568,0.4004779,220.04691608,add,OMRHGL-VCRRV-5AL6FS,DOGE/USD
b,2024-11-12T06:44:27.396113661Z,2024-11-11 23:44:27.004743,0.4007437,16533.46810333,add,OFOYNY-TNSYB-WPGUVY,DOGE/USD
a,2024-11-12T06:44:27.397238658Z,2024-11-11 23:44:27.005788,0.4009119,4000.0,delete,O3C34E-2A75D-H3DTHC,DOGE/USD
a,2024-11-12T06:44:26.381214846Z,2024-11-11 23:44:27.005788,0.4009904,4482.98410825,add,OYOAEV-AILC6-P5MJMG,DOGE/USD
b,2024-11-12T06:44:27.397442454Z,2024-11-11 23:44:27.006516,89424.9,0.16082658,add,OLPACW-TD7XQ-S5KABB,BTC/USD
b,2024-11-12T06:44:27.399112737Z,2024-11-11 23:44:27.008786,89424.9,0.16082658,add,OYW5FU-YE7NX-5JP7XA,BTC/USD
b,2024-11-12T06:44:27.399531947Z,2024-11-11 23:44:27.009062,89426.4,0.00561259,add,OYO67P-REWPZ-UH3AKF,BTC/USD
b,2024-11-12T06:44:27.400963133Z,2024-11-11 23:44:27.009989,0.4002257,4482.98410825,delete,OXFTN7-5WAMZ-2WB7TL,DOGE/USD
b,2024-11-12T06:44:26.305674972Z,2024-11-11 23:44:27.009989,0.4002167,2193.75,add,OTIC7G-KE54O-GF2D3K,DOGE/USD
b,2024-11-12T06:44:27.400963137Z,2024-11-11 23:44:27.010082,0.4003453,4482.98410825,add,O6DYH3-NZPIS-USTC5I,DOGE/USD
a,2024-11-12T06:44:27.402381568Z,2024-11-11 23:44:27.010980,0.4008831,14000.74564903,delete,OTQEET-HZ3MG-RV4HA3,DOGE/USD
a,2024-11-12T06:44:21.629843387Z,2024-11-11 23:44:27.010980,0.4009931,2193.75,add,OBX2JT-LPMWG-4TXXO5,DOGE/USD
b,2024-11-12T06:44:27.405569590Z,2024-11-11 23:44:27.013982,89426.4,0.16082658,delete,OPILGP-TECCC-AYCS5E,BTC/USD
b,2024-11-12T06:44:27.406842050Z,2024-11-11 23:44:27.014982,0.4007794,10222.34032031,delete,O22Y3E-NJANG-RWJHT4,DOGE/USD
b,2024-11-12T06:44:26.305674972Z,2024-11-11 23:44:27.014982,0.4002167,2193.75,add,OTIC7G-KE54O-GF2D3K,DOGE/USD
b,2024-11-12T06:44:27.393321777Z,2024-11-11 23:44:27.018313,0.4004779,220.04691608,delete,OMRHGL-VCRRV-5AL6FS,DOGE/USD
b,2024-11-12T06:44:25.879861503Z,2024-11-11 23:44:27.018313,0.4001766,2193.75,add,OCK23H-TL32J-TJMUSA,DOGE/USD
b,2024-11-12T06:44:27.412408083Z,2024-11-11 23:44:27.018436,0.4003454,220.11974374,add,OMRHGL-VCRRV-5AL6FS,DOGE/USD
a,2024-11-12T06:44:27.413394129Z,2024-11-11 23:44:27.018896,0.4009129,4000.0,delete,OIK4NG-VO6H6-JKUHAJ,DOGE/USD
a,2024-11-12T06:44:21.632175850Z,2024-11-11 23:44:27.018896,0.4010332,2193.75,add,ODF465-CA6GT-IUZ5BM,DOGE/USD
b,2024-11-12T06:44:20.024893957Z,2024-11-11 23:44:27.034736,89426.4,0.00188877,modify,OQLPKY-OT5M7-CDM2PZ,BTC/USD
b,2024-11-12T06:44:27.444835246Z,2024-11-11 23:44:27.037474,89426.4,0.0379,add,OFOLXY-TRHTJ-RVC4JL,BTC/USD
b,2024-11-12T06:44:27.446589046Z,2024-11-11 23:44:27.038872,89424.0,0.0379,delete,OAJJUD-BFCII-547OL2,BTC/USD
b,2024-11-12T06:44:03.736169767Z,2024-11-11 23:44:27.038872,89412.0,0.05,add,OIUO75-MWTXQ-LY5HMM,BTC/USD
b,2024-11-12T06:44:27.447141666Z,2024-11-11 23:44:27.039258,0.4006631,14610.99207717,add,OYK3A4-AS5MC-LCF4QV,DOGE/USD
b,2024-11-12T06:44:27.450803661Z,2024-11-11 23:44:27.043797,0.4007438,9595.39421078,add,OD2BGF-IOXJ7-Y7FVCU,DOGE/USD
a,2024-11-12T06:44:27.457145884Z,2024-11-11 23:44:27.049759,0.4009713,52054.34503685,delete,OE454X-W5F7I-YQZMJR,DOGE/USD
a,2024-11-12T06:44:25.226858946Z,2024-11-11 23:44:27.049759,0.4010733,2193.75,add,OP2NVK-HBJ52-36XZ7Y,DOGE/USD
b,2024-11-12T06:44:27.477379865Z,2024-11-11 23:44:27.069682,0.4003199,740.65904232,delete,OER4UD-D7RBT-5XVVO3,DOGE/USD
b,2024-11-12T06:44:26.344326628Z,2024-11-11 23:44:27.069682,0.4002657,2193.75,add,OYSPPO-E2PVF-GHWWB2,DOGE/USD
b,2024-11-12T06:44:27.507216495Z,2024-11-11 23:44:27.109299,0.4007583,10222.87922012,add,OP7Q6B-4XEWH-BXIBMY,DOGE/USD
b,2024-11-12T06:44:27.511202369Z,2024-11-11 23:44:27.109417,0.4007584,9595.39421078,add,O6GU2P-Y6PEU-ND4G5O,DOGE/USD
b,2024-11-12T06:44:27.523005798Z,2024-11-11 23:44:27.116543,0.4007583,10222.87922012,delete,OP7Q6B-4XEWH-BXIBMY,DOGE/USD
b,2024-11-12T06:44:26.665952713Z,2024-11-11 23:44:27.116543,0.4002702,60849.23570794,add,OKHVDZ-EGEOQ-WGGKPL,DOGE/USD
b,2024-11-12T06:44:27.527217835Z,2024-11-11 23:44:27.119054,89424.9,0.16082658,delete,OYW5FU-YE7NX-5JP7XA,BTC/USD
b,2024-11-12T06:44:27.599480872Z,2024-11-11 23:44:27.191711,89423.4,0.0159535,add,OSIRYZ-NLPEE-7I7HHJ,BTC/USD
b,2024-11-12T06:44:27.625877301Z,2024-11-11 23:44:27.218379,0.4007437,16533.46810333,delete,OFOYNY-TNSYB-WPGUVY,DOGE/USD
b,2024-11-12T06:44:26.344326628Z,2024-11-11 23:44:27.218379,0.4002657,2193.75,add,OYSPPO-E2PVF-GHWWB2,DOGE/USD
b,2024-11-12T06:44:27.629487020Z,2024-11-11 23:44:27.221521,0.4007584,9595.39421078,delete,O6GU2P-Y6PEU-ND4G5O,DOGE/USD
b,2024-11-12T06:44:27.487045892Z,2024-11-11 23:44:27.221521,0.4002327,54683.29743164,add,ON6NPI-3FJHS-BFAO33,DOGE/USD
b,2024-11-12T06:44:27.637366226Z,2024-11-11 23:44:27.230187,0.4006631,14610.99207717,delete,OYK3A4-AS5MC-LCF4QV,DOGE/USD
b,2024-11-12T06:44:26.305674972Z,2024-11-11 23:44:27.230187,0.4002167,2193.75,add,OTIC7G-KE54O-GF2D3K,DOGE/USD
a,2024-11-12T06:44:27.639701484Z,2024-11-11 23:44:27.231729,0.4008647,7290.0,add,ONXOTV-KJBUI-HJE4WG,DOGE/USD
a,2024-11-12T06:44:27.642207757Z,2024-11-11 23:44:27.233934,0.4008447,2193.75,add,OALGUT-NYYEN-TZBYDS,DOGE/USD
a,2024-11-12T06:44:27.642556566Z,2024-11-11 23:44:27.234567,0.4008718,2193.75,add,ODCCDD-2OEV6-XGY7CC,DOGE/USD
b,2024-11-12T06:44:27.651785179Z,2024-11-11 23:44:27.244121,89426.4,0.3375,delete,OX42OD-SF7HO-UYBF2G,BTC/USD
b,2024-11-12T06:44:27.669925522Z,2024-11-11 23:44:27.262857,0.4004541,2193.75,delete,OA7L2Y-HPCDL-WPCRZ5,DOGE/USD
b,2024-11-12T06:44:25.879861503Z,2024-11-11 23:44:27.262857,0.4001766,2193.75,add,OCK23H-TL32J-TJMUSA,DOGE/USD
b,2024-11-12T06:44:27.672488814Z,2024-11-11 23:44:27.264557,0.4007438,9595.39421078,delete,OD2BGF-IOXJ7-Y7FVCU,DOGE/USD
b,2024-11-12T06:41:37.318428789Z,2024-11-11 23:44:27.264557,0.4001365,243.91676341,add,O5FTDN-CWWUN-JTXKUJ,DOGE/USD
b,2024-11-12T06:44:27.677613539Z,2024-11-11 23:44:27.270087,0.4003493,7290.0,add,OXYFYL-JOVJJ-JMFBT7,DOGE/USD
b,2024-11-12T06:44:27.677657878Z,2024-11-11 23:44:27.270594,0.4002327,54683.29743164,delete,ON6NPI-3FJHS-BFAO33,DOGE/USD
b,2024-11-12T06:41:37.318428789Z,2024-11-11 23:44:27.270594,0.4001365,243.91676341,add,O5FTDN-CWWUN-JTXKUJ,DOGE/USD
b,2024-11-12T06:44:27.678738437Z,2024-11-11 23:44:27.270993,0.4004778,2193.75,add,OSFUDZ-4QUUY-CU2SAP,DOGE/USD
a,2024-11-12T06:44:27.680224781Z,2024-11-11 23:44:27.273071,0.4008437,4000.0,add,O4E3ML-HSJH3-DNJGJ4,DOGE/USD
b,2024-11-12T06:44:27.681710696Z,2024-11-11 23:44:27.273869,0.4004778,2193.75,delete,OSFUDZ-4QUUY-CU2SAP,DOGE/USD
a,2024-11-12T06:44:27.682728585Z,2024-11-11 23:44:27.275106,0.4008719,2193.75,delete,OJARRF-UNTMJ-U2KP26,DOGE/USD
a,2024-11-12T06:44:27.682902400Z,2024-11-11 23:44:27.275353,0.4008237,2193.75,add,OKKPKO-K6WQG-SOT7TH,DOGE/USD
a,2024-11-12T06:44:27.682921795Z,2024-11-11 23:44:27.275653,0.4008437,4000.0,delete,O4E3ML-HSJH3-DNJGJ4,DOGE/USD
a,2024-11-12T06:44:24.940654862Z,2024-11-11 23:44:27.275653,0.4009892,998.25716777,add,OGH4SH-LGJJB-SYHQJZ,DOGE/USD
a,2024-11-12T06:44:27.685591420Z,2024-11-11 23:44:27.277542,0.4008237,2193.75,add,O5YEW3-Q6CP5-QPQL43,DOGE/USD
a,2024-11-12T06:44:27.685703835Z,2024-11-11 23:44:27.277830,0.4008447,2193.75,delete,OALGUT-NYYEN-TZBYDS,DOGE/USD
a,2024-11-12T06:44:26.381214846Z,2024-11-11 23:44:27.277830,0.4009904,4482.98410825,add,OYOAEV-AILC6-P5MJMG,DOGE/USD
b,2024-11-12T06:44:27.726825098Z,2024-11-11 23:44:27.319155,0.4004778,2193.75,delete,OZBEX4-UFPGK-TXJSU4,DOGE/USD
b,2024-11-12T06:44:25.922432851Z,2024-11-11 23:44:27.319155,0.4001281,30000.0,add,OK4QWA-QLMYW-KDRIFL,DOGE/USD
b,2024-11-12T06:44:27.729345470Z,2024-11-11 23:44:27.321263,0.4003431,2193.75,delete,OME7YK-AC6WK-MU5AFZ,DOGE/USD
b,2024-11-12T06:44:21.839856900Z,2024-11-11 23:44:27.321263,0.4001278,2193.75,add,OUYAXD-BQZYI-YIVHZQ,DOGE/USD
b,2024-11-12T06:44:27.730124134Z,2024-11-11 23:44:27.321959,89424.0,0.0379,add,OWYUAI-EL7DP-E2NA2Z,BTC/USD
b,2024-11-12T06:44:27.731733877Z,2024-11-11 23:44:27.323604,0.4003655,2193.75,add,O5WYAW-AEQY6-Y6IXGW,DOGE/USD
b,2024-11-12T06:44:27.731832660Z,2024-11-11 23:44:27.323723,89426.4,0.0379,delete,OFOLXY-TRHTJ-RVC4JL,BTC/USD
b,2024-11-12T06:44:27.735906521Z,2024-11-11 23:44:27.328058,0.4003254,2193.75,add,O2X2OP-YJ3T6-5ZXHVQ,DOGE/USD
b,2024-11-12T06:44:27.748593046Z,2024-11-11 23:44:27.341210,0.4003655,2193.75,delete,O5WYAW-AEQY6-Y6IXGW,DOGE/USD
b,2024-11-12T06:44:25.922432851Z,2024-11-11 23:44:27.341210,0.4001281,30000.0,add,OK4QWA-QLMYW-KDRIFL,DOGE/USD
b,2024-11-12T06:44:27.749869782Z,2024-11-11 23:44:27.342803,0.4003453,4482.98410825,delete,O6DYH3-NZPIS-USTC5I,DOGE/USD
b,2024-11-12T06:44:21.839856900Z,2024-11-11 23:44:27.342803,0.4001278,2193.75,add,OUYAXD-BQZYI-YIVHZQ,DOGE/USD
b,2024-11-12T06:44:27.749869786Z,2024-11-11 23:44:27.342956,0.4002267,4482.98410825,add,OF2MAN-N7F7E-F7TBP3,DOGE/USD
b,2024-11-12T06:44:27.750999488Z,2024-11-11 23:44:27.343073,0.4003753,2193.75,add,OCMGQT-6P5S3-OLWEQX,DOGE/USD
b,2024-11-12T06:44:27.753317751Z,2024-11-11 23:44:27.357878,0.4003753,2193.75,delete,OCMGQT-6P5S3-OLWEQX,DOGE/USD
b,2024-11-12T06:44:25.922432851Z,2024-11-11 23:44:27.357878,0.4001281,30000.0,add,OK4QWA-QLMYW-KDRIFL,DOGE/USD
b,2024-11-12T06:44:27.777073179Z,2024-11-11 23:44:27.369128,0.4003254,2193.75,delete,O2X2OP-YJ3T6-5ZXHVQ,DOGE/USD
b,2024-11-12T06:44:21.839856900Z,2024-11-11 23:44:27.369128,0.4001278,2193.75,add,OUYAXD-BQZYI-YIVHZQ,DOGE/USD
b,2024-11-12T06:44:27.782908403Z,2024-11-11 23:44:27.375091,0.4002702,60849.23570794,delete,OKHVDZ-EGEOQ-WGGKPL,DOGE/USD
b,2024-11-12T06:44:22.479112979Z,2024-11-11 23:44:27.375091,0.4000877,2193.75,add,OQJV4I-LZBWQ-W2K7ZP,DOGE/USD
b,2024-11-12T06:44:27.785191243Z,2024-11-11 23:44:27.378108,0.4003493,7290.0,delete,OXYFYL-JOVJJ-JMFBT7,DOGE/USD
b,2024-11-12T06:44:26.227172907Z,2024-11-11 23:44:27.378108,0.4000508,6204.0,add,OKILUA-KAO55-UNCNAM,DOGE/USD
b,2024-11-12T06:44:27.787204898Z,2024-11-11 23:44:27.379251,89426.4,0.3375,add,OKBCRT-YRV6L-E6ZFDB,BTC/USD
b,2024-11-12T06:44:27.787968516Z,2024-11-11 23:44:27.380254,0.4002657,2193.75,delete,OYSPPO-E2PVF-GHWWB2,DOGE/USD
b,2024-11-12T06:44:21.632830157Z,2024-11-11 23:44:27.380254,0.4000476,2193.75,add,O3B2ER-KG7PJ-ZPMF5U,DOGE/USD
b,2024-11-12T06:44:26.227172907Z,2024-11-11 23:44:27.380713,0.4000508,6204.0,delete,OKILUA-KAO55-UNCNAM,DOGE/USD
b,2024-11-12T06:44:25.839306524Z,2024-11-11 23:44:27.380713,0.4000072,5412.27480003,add,OBM6H5-MS4A7-A7IVZC,DOGE/USD
b,2024-11-12T06:44:27.788365565Z,2024-11-11 23:44:27.381258,0.4000477,6204.0,add,OKILUA-KAO55-UNCNAM,DOGE/USD
a,2024-11-12T06:44:27.810126282Z,2024-11-11 23:44:27.403622,0.4009826,52052.8888443,delete,O3CEIX-OYBD2-CX5TIE,DOGE/USD
a,2024-11-12T06:44:21.629843387Z,2024-11-11 23:44:27.403622,0.4009931,2193.75,add,OBX2JT-LPMWG-4TXXO5,DOGE/USD
b,2024-11-12T06:44:27.826638034Z,2024-11-11 23:44:27.418229,89426.4,0.0379,add,OFU3KP-GDK5Z-EYX7T7,BTC/USD
b,2024-11-12T06:44:27.826790524Z,2024-11-11 23:44:27.418898,89424.0,0.0379,delete,OWYUAI-EL7DP-E2NA2Z,BTC/USD
b,2024-11-12T06:44:21.523599469Z,2024-11-11 23:44:27.418898,89414.4,3.94790988,add,OLH7XY-VFRB4-HAGN3S,BTC/USD
b,2024-11-12T06:44:27.867922099Z,2024-11-11 23:44:27.460249,0.4000478,12422.0,add,OSHDQD-ZMRYZ-YIO77L,DOGE/USD
b,2024-11-12T06:44:27.888911269Z,2024-11-11 23:44:27.481307,0.4001153,34928.3,add,OSSPUD-XCUFM-XAAVNA,DOGE/USD
b,2024-11-12T06:44:27.412408083Z,2024-11-11 23:44:27.487584,0.4003454,220.11974374,delete,OMRHGL-VCRRV-5AL6FS,DOGE/USD
b,2024-11-12T06:44:27.788365565Z,2024-11-11 23:44:27.487584,0.4000477,6204.0,add,OKILUA-KAO55-UNCNAM,DOGE/USD
b,2024-11-12T06:44:27.894554568Z,2024-11-11 23:44:27.487744,0.4002268,220.18497226,add,OMRHGL-VCRRV-5AL6FS,DOGE/USD
b,2024-11-12T06:44:27.899508031Z,2024-11-11 23:44:27.492370,0.4002668,2193.75,add,OQ6P3F-HC5EK-L5DLUT,DOGE/USD
a,2024-11-12T06:44:27.908778645Z,2024-11-11 23:44:27.501030,0.4006634,12772.29407625,add,OL36KH-IEDQB-JKPYQP,DOGE/USD
a,2024-11-12T06:44:27.908900140Z,2024-11-11 23:44:27.501840,0.400819,16190.15609596,add,OABXU6-FLVFM-2PXECE,DOGE/USD
a,2024-11-12T06:44:27.908939832Z,2024-11-11 23:44:27.501990,0.400819,21868.34682345,add,OYL47S-PVY57-BONQHH,DOGE/USD
a,2024-11-12T06:44:27.911119490Z,2024-11-11 23:44:27.502843,0.4006434,2193.75,add,OINTBV-AC6ZC-32UZGK,DOGE/USD
a,2024-11-12T06:44:27.912503288Z,2024-11-11 23:44:27.504013,0.4007035,2193.75,add,OVCK6A-4HOHW-57V4BP,DOGE/USD
a,2024-11-12T06:44:27.912622061Z,2024-11-11 23:44:27.504156,0.400819,21868.34682345,delete,OYL47S-PVY57-BONQHH,DOGE/USD
a,2024-11-12T06:44:27.913504276Z,2024-11-11 23:44:27.505245,0.4006434,2193.75,add,OSZF4Z-LHWGK-PUXKQM,DOGE/USD
b,2024-11-12T06:44:27.913573362Z,2024-11-11 23:44:27.507129,0.4002668,2193.75,add,OGXSF5-Y4VQT-KWZKTY,DOGE/USD
a,2024-11-12T06:44:27.915165533Z,2024-11-11 23:44:27.507262,0.4006935,14007.37018145,add,OHWKSQ-JR5JE-34ODD4,DOGE/USD
a,2024-11-12T06:44:27.988438318Z,2024-11-11 23:44:27.581295,0.4006634,12772.29407625,delete,OL36KH-IEDQB-JKPYQP,DOGE/USD
a,2024-11-12T06:44:21.630025931Z,2024-11-11 23:44:27.581295,0.400913,2193.75,add,OXAUVC-TFHMQ-NRJF2G,DOGE/USD
b,2024-11-12T06:44:24.519741002Z,2024-11-11 23:44:27.583360,89426.4,0.00011945,modify,OGR2ZI-IVXIB-J66S4C,BTC/USD
a,2024-11-12T06:44:28.018887367Z,2024-11-11 23:44:27.611108,0.4006935,14007.37018145,delete,OHWKSQ-JR5JE-34ODD4,DOGE/USD
a,2024-11-12T06:44:25.619892510Z,2024-11-11 23:44:27.611108,0.4009151,64202.06626352,add,O3AZG2-C46KA-7FG3QC,DOGE/USD
b,2024-11-12T06:44:28.021291284Z,2024-11-11 23:44:27.613135,0.4002668,2193.75,delete,OQ6P3F-HC5EK-L5DLUT,DOGE/USD
a,2024-11-12T06:44:28.021826723Z,2024-11-11 23:44:27.614929,0.40068,12771.76357087,add,OGL6ED-2TEV3-6NGDTD,DOGE/USD
a,2024-11-12T06:44:28.023578390Z,2024-11-11 23:44:27.615937,89426.5,0.001,add,ORB3PR-37C7R-6UXO23,BTC/USD
b,2024-11-12T06:44:28.023745917Z,2024-11-11 23:44:27.616053,0.4002674,2193.75,add,ONRW44-2TPSB-JAQNL5,DOGE/USD
b,2024-11-12T06:44:28.029969657Z,2024-11-11 23:44:27.622694,0.4002674,2193.75,add,OFWMNA-2OIAZ-FPLEB7,DOGE/USD
b,2024-11-12T06:44:28.030087451Z,2024-11-11 23:44:27.622873,0.4002668,2193.75,delete,OGXSF5-Y4VQT-KWZKTY,DOGE/USD
b,2024-11-12T06:44:22.479112979Z,2024-11-11 23:44:27.622873,0.4000877,2193.75,add,OQJV4I-LZBWQ-W2K7ZP,DOGE/USD
b,2024-11-12T06:44:28.039284490Z,2024-11-11 23:44:27.631509,0.4005308,16542.25613,add,OCFW45-EKDFG-2PQ2G5,DOGE/USD
b,2024-11-12T06:44:28.039354779Z,2024-11-11 23:44:27.631675,0.4004959,14617.09498817,add,OUPALU-VP6JQ-RP6CJ4,DOGE/USD
b,2024-11-12T06:44:28.039368501Z,2024-11-11 23:44:27.631802,0.4004359,19939.898328,add,OMZ4AI-XRSMI-K3AZ54,DOGE/USD
b,2024-11-12T06:44:28.039381645Z,2024-11-11 23:44:27.631952,0.4005658,10227.79108197,add,O7KGYC-7HXOD-FUOZEU,DOGE/USD
b,2024-11-12T06:44:28.039399410Z,2024-11-11 23:44:27.632071,0.4002282,60855.62446958,add,OL6QPN-RPFS3-NIBC7W,DOGE/USD
b,2024-11-12T06:44:28.039446947Z,2024-11-11 23:44:27.632217,0.400354,58162.48564141,add,OR4SK5-C22WX-H5FPOQ,DOGE/USD
b,2024-11-12T06:44:28.114845879Z,2024-11-11 23:44:27.707134,0.4003653,2193.75,add,O4F3K5-52RRD-AQ5CZH,DOGE/USD
b,2024-11-12T06:44:28.129116961Z,2024-11-11 23:44:27.720970,0.4005658,10227.79108197,delete,O7KGYC-7HXOD-FUOZEU,DOGE/USD
b,2024-11-12T06:44:26.305674972Z,2024-11-11 23:44:27.720970,0.4002167,2193.75,add,OTIC7G-KE54O-GF2D3K,DOGE/USD
a,2024-11-12T06:44:28.131550869Z,2024-11-11 23:44:27.723823,0.4006459,12772.85080324,add,OM73UX-GT6D4-R2JP5S,DOGE/USD
b,2024-11-12T06:44:28.132265763Z,2024-11-11 23:44:27.724341,0.4005308,16542.25613,delete,OCFW45-EKDFG-2PQ2G5,DOGE/USD
b,2024-11-12T06:44:25.879861503Z,2024-11-11 23:44:27.724341,0.4001766,2193.75,add,OCK23H-TL32J-TJMUSA,DOGE/USD
b,2024-11-12T06:44:28.135304220Z,2024-11-11 23:44:27.727464,0.4004959,14617.09498817,delete,OUPALU-VP6JQ-RP6CJ4,DOGE/USD
b,2024-11-12T06:41:37.318428789Z,2024-11-11 23:44:27.727464,0.4001365,243.91676341,add,O5FTDN-CWWUN-JTXKUJ,DOGE/USD
b,2024-11-12T06:44:28.136596560Z,2024-11-11 23:44:27.728792,0.4003653,2193.75,delete,O4F3K5-52RRD-AQ5CZH,DOGE/USD
b,2024-11-12T06:44:25.922432851Z,2024-11-11 23:44:27.728792,0.4001281,30000.0,add,OK4QWA-QLMYW-KDRIFL,DOGE/USD
b,2024-11-12T06:44:28.138395271Z,2024-11-11 23:44:27.731024,0.400354,58162.48564141,delete,OR4SK5-C22WX-H5FPOQ,DOGE/USD
b,2024-11-12T06:44:21.839856900Z,2024-11-11 23:44:27.731024,0.4001278,2193.75,add,OUYAXD-BQZYI-YIVHZQ,DOGE/USD
a,2024-11-12T06:44:28.139430598Z,2024-11-11 23:44:27.731823,0.4006459,12772.85080324,delete,OM73UX-GT6D4-R2JP5S,DOGE/USD
a,2024-11-12T06:44:21.630025931Z,2024-11-11 23:44:27.731823,0.400913,2193.75,add,OXAUVC-TFHMQ-NRJF2G,DOGE/USD
b,2024-11-12T06:44:28.141172383Z,2024-11-11 23:44:27.733969,0.4004559,2193.75,add,OZZHN5-UQRCI-O2S4P3,DOGE/USD
a,2024-11-12T06:44:28.141998091Z,2024-11-11 23:44:27.734761,0.4008719,1008.85830687,add,OL5ZKT-ZFCI6-L3DE47,DOGE/USD
b,2024-11-12T06:44:28.142716354Z,2024-11-11 23:44:27.735396,0.400611,10226.63783814,add,OR4DH3-W5FFS-JOBL47,DOGE/USD
b,2024-11-12T06:44:28.142848798Z,2024-11-11 23:44:27.735965,0.4004973,16543.63780887,add,OCIVFO-6R5U2-E4NMUU,DOGE/USD
a,2024-11-12T06:44:28.143239700Z,2024-11-11 23:44:27.736773,0.40068,12771.76357087,delete,OGL6ED-2TEV3-6NGDTD,DOGE/USD
a,2024-11-12T06:44:25.619892510Z,2024-11-11 23:44:27.736773,0.4009151,64202.06626352,add,O3AZG2-C46KA-7FG3QC,DOGE/USD
b,2024-11-12T06:44:28.143247279Z,2024-11-11 23:44:27.736981,0.4004359,19939.898328,delete,OMZ4AI-XRSMI-K3AZ54,DOGE/USD
b,2024-11-12T06:41:37.318428789Z,2024-11-11 23:44:27.736981,0.4001365,243.91676341,add,O5FTDN-CWWUN-JTXKUJ,DOGE/USD
b,2024-11-12T06:44:28.147164315Z,2024-11-11 23:44:27.739248,0.400611,10226.63783814,delete,OR4DH3-W5FFS-JOBL47,DOGE/USD
b,2024-11-12T06:44:25.922432851Z,2024-11-11 23:44:27.739248,0.4001281,30000.0,add,OK4QWA-QLMYW-KDRIFL,DOGE/USD
a,2024-11-12T06:44:28.148386696Z,2024-11-11 23:44:27.740698,0.4006434,2193.75,delete,OSZF4Z-LHWGK-PUXKQM,DOGE/USD
a,2024-11-12T06:44:28.150121886Z,2024-11-11 23:44:27.742120,0.4009118,41178.78941622,delete,ONCM4L-TCPCH-K4ZQFR,DOGE/USD
a,2024-11-12T06:44:24.940654862Z,2024-11-11 23:44:27.742120,0.4009892,998.25716777,add,OGH4SH-LGJJB-SYHQJZ,DOGE/USD
b,2024-11-12T06:44:28.150650120Z,2024-11-11 23:44:27.742276,0.4004973,16543.63780887,delete,OCIVFO-6R5U2-E4NMUU,DOGE/USD
b,2024-11-12T06:44:21.839856900Z,2024-11-11 23:44:27.742276,0.4001278,2193.75,add,OUYAXD-BQZYI-YIVHZQ,DOGE/USD
a,2024-11-12T06:44:28.161014959Z,2024-11-11 23:44:27.753024,0.4006434,2193.75,delete,OINTBV-AC6ZC-32UZGK,DOGE/USD
a,2024-11-12T06:44:26.381214846Z,2024-11-11 23:44:27.753024,0.4009904,4482.98410825,add,OYOAEV-AILC6-P5MJMG,DOGE/USD
a,2024-11-12T06:44:28.163494866Z,2024-11-11 23:44:27.755653,0.4007035,2193.75,add,OW3YFE-SCIAD-EUQ5TL,DOGE/USD
b,2024-11-12T06:44:28.185698934Z,2024-11-11 23:44:27.777410,0.4001281,30000.0,delete,OK4QWA-QLMYW-KDRIFL,DOGE/USD
b,2024-11-12T06:44:27.888911269Z,2024-11-11 23:44:27.777410,0.4001153,34928.3,add,OSSPUD-XCUFM-XAAVNA,DOGE/USD
b,2024-11-12T06:44:28.216473394Z,2024-11-11 23:44:27.808578,0.4002268,976.21143242,add,OSHXGS-URMWZ-S33NAB,DOGE/USD
b,2024-11-12T06:44:28.289605879Z,2024-11-11 23:44:27.881709,0.4004559,2193.75,delete,OZZHN5-UQRCI-O2S4P3,DOGE/USD
b,2024-11-12T06:44:22.479112979Z,2024-11-11 23:44:27.881709,0.4000877,2193.75,add,OQJV4I-LZBWQ-W2K7ZP,DOGE/USD
b,2024-11-12T06:44:28.292874366Z,2024-11-11 23:44:27.890235,0.4002282,60855.62446958,delete,OL6QPN-RPFS3-NIBC7W,DOGE/USD
b,2024-11-12T06:44:27.867922099Z,2024-11-11 23:44:27.890235,0.4000478,12422.0,add,OSHDQD-ZMRYZ-YIO77L,DOGE/USD
b,2024-11-12T06:44:28.315113738Z,2024-11-11 23:44:27.907964,0.4000478,12422.0,delete,OSHDQD-ZMRYZ-YIO77L,DOGE/USD
b,2024-11-12T06:44:27.788365565Z,2024-11-11 23:44:27.907964,0.4000477,6204.0,add,OKILUA-KAO55-UNCNAM,DOGE/USD
b,2024-11-12T06:44:28.315209582Z,2024-11-11 23:44:27.908082,0.4002674,2193.75,delete,ONRW44-2TPSB-JAQNL5,DOGE/USD
b,2024-11-12T06:44:28.315283084Z,2024-11-11 23:44:27.908246,0.4000477,6204.0,delete,OKILUA-KAO55-UNCNAM,DOGE/USD
b,2024-11-12T06:44:21.632830157Z,2024-11-11 23:44:27.908246,0.4000476,2193.75,add,O3B2ER-KG7PJ-ZPMF5U,DOGE/USD
b,2024-11-12T06:44:28.317205156Z,2024-11-11 23:44:27.909465,0.4002268,976.21143242,delete,OSHXGS-URMWZ-S33NAB,DOGE/USD
a,2024-11-12T06:44:28.317247048Z,2024-11-11 23:44:27.909558,0.4008719,1008.85830687,delete,OL5ZKT-ZFCI6-L3DE47,DOGE/USD
b,2024-11-12T06:44:28.317592983Z,2024-11-11 23:44:27.909962,0.4002584,7290.0,add,O72Z7G-JOXSV-CGBZJQ,DOGE/USD
a,2024-11-12T06:44:28.317876676Z,2024-11-11 23:44:27.910715,0.400819,16190.15609596,delete,OABXU6-FLVFM-2PXECE,DOGE/USD
a,2024-11-12T06:44:21.629843387Z,2024-11-11 23:44:27.910715,0.4009931,2193.75,add,OBX2JT-LPMWG-4TXXO5,DOGE/USD
b,2024-11-12T06:44:28.318974669Z,2024-11-11 23:44:27.911769,0.4002167,2193.75,delete,OTIC7G-KE54O-GF2D3K,DOGE/USD
b,2024-11-12T06:44:21.632830157Z,2024-11-11 23:44:27.911769,0.4000476,2193.75,add,O3B2ER-KG7PJ-ZPMF5U,DOGE/USD
a,2024-11-12T06:44:28.321241656Z,2024-11-11 23:44:27.913610,0.4007035,2193.75,delete,OVCK6A-4HOHW-57V4BP,DOGE/USD
a,2024-11-12T06:44:28.323943890Z,2024-11-11 23:44:27.915810,0.4007025,4000.0,add,OCCUAG-XUTU4-BBLDTM,DOGE/USD
b,2024-11-12T06:44:28.324494332Z,2024-11-11 23:44:27.916031,0.4002273,2193.75,add,O2ACYM-SS5RX-OXGNJV,DOGE/USD
a,2024-11-12T06:44:28.326206481Z,2024-11-11 23:44:27.918641,0.4006825,2193.75,add,OKNXJP-ZI5DC-TSWRPU,DOGE/USD
a,2024-11-12T06:44:28.326279565Z,2024-11-11 23:44:27.918741,0.4007025,2193.75,add,ONCHWN-JCGLV-AGRAMO,DOGE/USD
a,2024-11-12T06:44:28.326291447Z,2024-11-11 23:44:27.918832,0.4008237,2193.75,delete,OKKPKO-K6WQG-SOT7TH,DOGE/USD
b,2024-11-12T06:44:28.327653503Z,2024-11-11 23:44:27.919624,0.4002674,2193.75,add,OCQS6T-FRZ7O-ZBI456,DOGE/USD
b,2024-11-12T06:44:28.344756734Z,2024-11-11 23:44:27.937476,0.4002674,2193.75,delete,OCQS6T-FRZ7O-ZBI456,DOGE/USD
b,2024-11-12T06:44:28.360349624Z,2024-11-11 23:44:27.953091,0.4002273,2193.75,delete,O2ACYM-SS5RX-OXGNJV,DOGE/USD
b,2024-11-12T06:44:21.632830157Z,2024-11-11 23:44:27.953091,0.4000476,2193.75,add,O3B2ER-KG7PJ-ZPMF5U,DOGE/USD
